y_true,y_pred
3897.0,5642.572198289265
7662.0,7380.452292976485
13882.0,13923.373721992206
6218.0,6232.422972687051
13302.0,13888.826705993271
3873.0,3894.7886653092855
11087.0,11039.322283365636
22270.0,23876.608439602856
11087.0,10634.798831345317
8625.0,7993.8972060359565
8907.0,9160.001448329422
4174.0,4360.586931630876
4667.0,4627.519762817304
9663.0,9747.599795649545
4804.0,4681.0549147278025
14011.0,13914.46502402299
5830.0,5340.032063441847
10262.0,10300.466173552886
13381.0,13273.338834723787
12898.0,12716.915583244865
19495.0,14323.669082551156
6955.0,6758.695516836801
3943.0,3984.7931320083007
4823.0,4740.56971515832
7757.0,8915.666698126139
13292.0,13645.279469698906
8238.0,6502.5974711326335
7682.0,6316.45621724851
4668.0,4727.522039591126
3687.0,3767.107184936001
3687.0,3696.891997204301
13227.0,14218.465005573435
4423.0,4028.6035188419432
10919.0,10772.662980503734
12373.0,13164.180658926218
5894.0,5851.970853666053
4649.0,4896.065771116421
6245.0,5810.001283431788
19225.0,19327.842688833105
14924.0,16035.410823017524
9646.0,9030.372980001013
8714.0,9046.964806558804
12373.0,12417.387313745805
3383.0,3639.2071860157903
13062.0,9218.728543597032
3527.0,4195.977875550698
3943.0,3930.1644493328395
4667.0,4904.654593808576
6117.0,6152.395689436155
11150.0,10716.817873967335
7202.0,7171.379990941885
12121.0,12023.73056925718
4377.0,5393.000431035178
3943.0,3835.5229210657267
4483.0,3944.9984435178553
14231.0,14414.149405920234
17345.0,22332.232483322405
7414.0,7355.966946478308
8073.0,8363.950964998441
12395.0,12839.184780555051
8366.0,8364.414209081437
5117.0,4529.5065146848765
12524.0,11567.122820661069
7191.0,7376.925682848574
3687.0,3760.7143073762622
5894.0,5825.679984460803
5403.0,5259.899834183136
3625.0,3221.075930207079
10861.0,11681.125221296155
6297.0,5993.848979118462
5678.0,6228.187223580379
9134.0,10452.571652460903
10791.0,8159.689762012609
12819.0,13281.025406071914
6893.0,6109.044602729457
7240.0,9194.070247520876
3898.0,3928.7082776406214
4049.0,3747.3545123789863
10262.0,10271.100913006918
3332.0,3379.6806362493335
10844.0,10864.598906704312
7229.0,7851.007708831914
13941.0,13892.900604220918
5894.0,5851.227286481046
10197.0,10462.136558438311
13712.0,13583.610612950704
5636.0,5692.409476630307
13014.0,13186.371703763542
7064.0,7314.618254371491
10703.0,10250.066571197762
9646.0,8671.452032539279
17057.0,17190.415366074667
13817.0,13920.364430837033
13748.0,16172.664242962312
4880.0,6353.709250395708
3540.0,3578.5617395546533
3257.0,3411.380359366501
6478.0,6257.4355810905445
8040.0,8118.86362443388
14300.0,14388.384809367524
14781.0,14704.536599121016
14939.0,14962.539436613417
10262.0,10853.513356219892
6528.0,6391.37118062948
6121.0,5768.074469828632
13029.0,12735.05117372886
11421.0,10561.179704388707
7574.0,7433.319859035774
11596.0,13557.310454630991
15129.0,15132.42970491853
13555.0,15679.465877710049
5780.0,5109.812237469872
9397.0,9025.561651083397
17024.0,16533.638204617386
5281.0,5022.329133000469
10348.0,9195.360093209543
12677.0,13060.743054703715
15147.0,17195.531513826027
4668.0,4660.228920430833
15554.0,15986.789340946196
3971.0,4044.60647434734
3100.0,3090.768593286001
9663.0,8770.428046576253
27430.0,23191.222095962326
3540.0,3696.328867160993
10676.0,10714.552618486505
13044.0,12929.646007081783
14388.0,14215.456912946049
3943.0,3911.1667381126217
3597.0,3618.953131968974
5932.0,6223.231298847312
10262.0,10342.897609616703
6216.0,6257.920521361807
4804.0,4756.065753150897
14067.0,12906.101135693469
15129.0,15687.19750811864
13376.0,13481.575458185904
10441.0,10035.537229648335
4030.0,4623.931608794087
17024.0,17122.269811177754
13017.0,11160.3201474623
6686.0,6501.6756705060425
5636.0,5815.104036489619
6442.0,6438.342903450952
9486.0,9279.086514485103
10844.0,10755.070417082059
15318.0,14412.548237453544
5117.0,4938.668230001633
6147.0,6013.21255426452
7005.0,7222.211966662883
3873.0,3823.2945898855533
9270.0,8360.16456942911
3898.0,3468.71288696377
14781.0,14516.388609281361
8586.0,9690.307708450351
10697.0,11261.442350274589
14300.0,14383.205632121124
8855.0,8194.995591100915
10844.0,10452.972153692615
17024.0,16093.078918608468
9314.0,9097.658963868475
4777.0,4809.153841418987
7662.0,7261.6724418059775
6442.0,6416.057373196672
5264.0,4927.873139700185
12898.0,12853.181258136858
6092.0,6756.799708289727
3311.0,3411.916269305524
6540.0,6474.3161664923155
3419.0,3548.6404522884973
5177.0,5156.962110560178
8246.0,5596.920144248243
14676.0,14669.716133012818
13587.0,12717.558562539458
9663.0,9484.755138654158
13044.0,12955.723585777
5073.0,4939.604844873565
9345.0,9382.871437785323
9663.0,8793.104025122073
14277.0,10257.966204619412
10262.0,10381.25512389206
5678.0,5343.133398612664
13727.0,13601.97682147991
9663.0,9552.644933558935
3858.0,3766.8962129275897
4812.0,4781.96455283571
5775.0,5827.7047082866275
10539.0,10314.462719364561
4804.0,4838.049797180064
3383.0,3490.373845721883
8738.0,7370.652319387676
7165.0,6131.763445730898
6412.0,6400.335272407359
8016.0,8209.314036308568
11087.0,11002.782332917312
3543.0,3511.8129902179526
12471.0,12855.122430252664
10262.0,10384.047055325133
4441.0,6005.854470874085
12537.0,9818.78505307386
10091.0,7992.122946833844
6961.0,5677.028364233782
5013.0,5120.5864604253575
6934.0,6093.951648486113
10877.0,10774.336990986678
7229.0,7287.452234734451
7048.0,7656.913145483824
4878.0,4867.553038149426
10844.0,10480.687644777214
15129.0,16635.175760878185
3943.0,3957.546924758155
5583.0,5932.876912673542
9646.0,9352.97015739353
7677.0,8568.232007335322
6842.0,6730.538300454608
4995.0,4779.428024363271
9555.0,9391.673083650065
4077.0,3861.0422733832393
7229.0,7196.353867366252
12192.0,12072.791348397737
5911.0,5831.036540145715
8372.0,8605.141323022457
4995.0,3821.2413618286696
14323.0,13483.178344265225
13014.0,13110.534823376467
13591.0,13593.522420463347
18799.0,19818.790604214555
3943.0,4333.2189664038715
1965.0,1960.1321630229925
4995.0,4955.398471182904
14641.0,10601.957899843623
4460.0,4663.130831723903
10191.0,8999.602655311317
13843.0,13109.115154476956
6349.0,6957.3775397240215
4409.0,4694.70991624909
17024.0,17323.052221571223
13727.0,12089.592957933019
8855.0,7764.086654857708
12524.0,11471.004843387796
13555.0,13715.746892645015
10844.0,10370.87746444672
13587.0,8800.414405646214
3543.0,3596.090650455338
4842.0,4466.888632624785
3943.0,4043.949909764888
10577.0,10450.181654466573
6979.0,6952.883980877359
11982.0,11666.206449116278
5264.0,5520.877762261296
8001.0,8446.679665731897
10651.0,10410.833506952185
10844.0,10816.794708621757
6601.0,7044.999621898401
6587.0,7002.3718306461715
3173.0,2456.781517530947
5228.0,5811.884023399913
5769.0,6248.407691083732
14714.0,14930.35385047347
13014.0,13247.016070941247
3359.0,3769.2742866510525
6722.0,7351.928984244914
4462.0,4434.184043515333
6171.0,6414.4629149401835
12303.0,12268.0498780808
7695.0,8261.154501567618
5684.0,5781.428926994986
8366.0,8235.88199543728
19630.0,9954.623568377994
13502.0,13102.546391323829
14781.0,14440.753333071543
6513.0,7187.633334846259
9929.0,9734.153467496464
18275.0,18233.631079300547
4487.0,5213.4383433552775
2754.0,2679.2762265881165
2575.0,2726.141907446122
8224.0,8140.157600702129
8991.0,9137.239591742045
5000.0,5209.029159254264
8529.0,8773.850846231171
14042.0,14412.85342326289
4030.0,4551.1172416066165
10844.0,10588.844285498679
4804.0,4709.341676821652
7308.0,7769.836872649622
4823.0,4805.059571457305
10262.0,10251.627078537575
12898.0,12716.524382157042
12778.0,13148.353362418507
14871.0,14614.016783809106
8708.0,10752.289930135465
10844.0,10552.381002530778
4129.0,4720.164123454121
4804.0,4800.444135911981
7229.0,7369.444799458034
7832.0,7756.792516136887
3859.0,3875.836234922183
9001.0,7863.529762237531
4878.0,4891.658890360875
2754.0,3102.6553258077947
4668.0,4648.184160310853
5216.0,4588.374512126858
10368.0,10688.151730898144
8146.0,7651.196968450261
12242.0,12186.45925415982
9134.0,9120.803718941917
10939.0,10380.093120040576
11753.0,11952.273357325572
4174.0,4001.655876645695
10844.0,10967.202733972908
14714.0,14706.790269169576
9899.0,9342.19525545928
14871.0,15518.1897586679
7295.0,6915.294146363923
13465.0,11958.631308886459
3543.0,3480.3395183057437
7198.0,7124.677255881439
10262.0,10452.819021166573
4148.0,4517.984119445792
8016.0,7921.319899473375
10262.0,10430.433986032613
3841.0,3778.3851280893937
11507.0,15340.119089788255
14781.0,14676.073292809717
16079.0,16252.523129767045
12898.0,12562.7154974298
15353.0,14789.705820682644
7303.0,7394.876862777473
6197.0,6246.283006449941
8996.0,8877.453515617739
6528.0,6621.524843133626
4239.0,3841.502445745727
4148.0,4269.02497866355
3971.0,3842.259206959816
5192.0,5222.88175426491
9483.0,9998.977865239638
18804.0,18656.21628556405
5201.0,5176.929363968426
16079.0,15977.214546789284
7229.0,6981.776198444104
6795.0,8350.555508227895
10953.0,12158.35329452322
15965.0,16140.499871744852
9968.0,10289.842197916621
4804.0,4677.275397824944
16079.0,15953.14397955761
11507.0,10841.302005765325
11542.0,12277.790987712753
7229.0,7272.42652645258
4544.0,4802.421214696457
6496.0,6727.358188439618
4804.0,4748.743222831793
13439.0,15056.358444448462
6540.0,6448.5242734594685
4591.0,4357.884465965374
4437.0,4647.769992104848
6151.0,6097.132177012328
7754.0,7125.072486434148
10262.0,10297.623302287728
8016.0,8066.588953970685
4781.0,4787.42012378933
4668.0,4590.269194343715
14594.0,12339.356807931894
14231.0,14559.62158655195
8425.0,7562.839933438277
9646.0,9356.253562870686
7295.0,7109.599610042558
5162.0,4909.775334996959
6860.0,7397.824496381615
6216.0,6273.6349739210955
5192.0,5511.0430596795795
4823.0,4766.858790648338
3919.0,4031.2055644700145
2754.0,2723.8307019910753
9315.0,9791.496477086603
11667.0,11239.323969064622
6224.0,7704.034106064987
13349.0,12625.02829391405
11087.0,10672.680693838405
15603.0,17012.554199530867
15129.0,14616.22771459985
4823.0,4812.021877572093
8452.0,8627.194192865385
12524.0,10612.258694314061
3384.0,3503.223304057859
10262.0,10370.432283436896
1965.0,1953.370664402595
4804.0,4769.993323876964
16079.0,16147.396404253835
13292.0,13685.482840963343
6751.0,6595.14571627594
8669.0,8786.131018583743
14871.0,14702.371456427276
12898.0,12512.560543652056
3919.0,4091.321734822068
36983.0,21931.545312710532
3597.0,3596.6392588052677
10741.0,8586.239558481633
11432.0,11999.113573975741
11087.0,11147.686999411762
13292.0,13524.912906561543
10493.0,11402.33199925322
7631.0,6384.30079318648
13381.0,13929.813625058498
13731.0,13385.718242249537
11911.0,12264.692461275212
4591.0,4796.105868078388
14848.0,14702.705659670954
8266.0,8256.137245421018
12392.0,12797.102176782922
13044.0,13135.428112540816
12898.0,12654.64195812124
12242.0,12809.678649309912
3943.0,4252.4598019083705
11105.0,11528.499910759645
14388.0,14422.85425585029
13014.0,14578.444666258994
15411.0,15441.578914716683
16289.0,16389.73065801945
6442.0,6578.09271110601
10844.0,10703.151510458454
5678.0,6146.593310449469
6906.0,4984.288875423477
3543.0,3501.817969089314
14714.0,14876.013339929907
11793.0,11484.662654651653
14323.0,13015.801312968862
3971.0,4108.948512112275
8452.0,8246.676232497344
5403.0,5465.03621161276
13727.0,10775.631115626353
12639.0,13027.15634320165
5198.0,4617.655262562586
4878.0,5005.336448119686
12373.0,12429.122477258412
8552.0,9098.91742499052
6741.0,6524.437390773055
6481.0,8246.809292773489
7354.0,7742.882482187817
5228.0,5125.024915045712
10844.0,10093.614076484131
6347.0,5970.072265358084
5013.0,5509.06329137263
9663.0,9220.235392606808
4823.0,4828.92566833902
13381.0,13332.34723918398
3543.0,3541.899579535569
9663.0,9339.947436869945
7064.0,7087.5861180399825
10262.0,11541.896833438374
13013.0,12552.078424121126
15339.0,13157.436500575739
4937.0,4640.176988096499
6818.0,6738.182095563692
10441.0,11194.097315809431
5177.0,5461.602412676209
3858.0,3808.353956854781
6534.0,6971.5108045379075
6795.0,7089.8611097112225
9736.0,8147.030336011315
7229.0,7267.791166706271
4957.0,5025.148431256848
7648.0,5778.470989401483
3873.0,3934.2694465582413
14388.0,14096.833075087627
5618.0,4960.596463336482
7408.0,7430.612890267557
13774.0,12189.33920254375
4668.0,4873.890485619084
13082.0,12385.744871116189
8669.0,9027.689875715365
6316.0,6197.508751735008
12583.0,13921.56228373204
7923.0,8819.260734359119
7378.0,15163.036847020538
4878.0,4949.078313595032
10844.0,10872.61243517245
7229.0,7214.410645201956
6297.0,5800.823901979263
8529.0,8828.924019990292
13727.0,13306.849362833467
6643.0,6344.978321064155
10197.0,10944.602817276453
4911.0,4584.768269075415
6482.0,6389.8922356530775
26890.0,26047.220905511167
3717.0,4015.276818562924
3597.0,3558.186995008247
10846.0,10560.061812568178
14069.0,15338.796779459673
5177.0,5698.1467857733505
14641.0,15123.555550705803
6442.0,6645.336891277344
5704.0,5840.49697356123
9663.0,9522.635760930187
14714.0,14737.218535064032
5406.0,5693.486234880775
8610.0,8846.757060590882
14237.0,14132.154583862148
4823.0,4889.479165601384
2227.0,2330.684590134818
12373.0,12357.14922807318
8372.0,8544.42697309919
17024.0,18195.235826909786
3100.0,2950.932751168774
14053.0,13670.252474280956
3540.0,3681.801428886517
9345.0,9228.279143966744
10368.0,10591.37891618484
26890.0,27862.26369702291
5755.0,4529.8376012508625
7832.0,7816.2557588844375
14388.0,14723.52830465637
8839.0,9936.86688604676
22096.0,15592.0039478305
3687.0,3752.5031954313613
9627.0,9718.467150947661
13542.0,11250.332212179415
4423.0,4261.859145273145
8899.0,8906.003041588634
5583.0,6072.787777341713
6752.0,7007.016899087974
3543.0,3508.386657561535
7832.0,7797.1883213122455
10991.0,12342.678144519212
12898.0,12719.412892442257
12898.0,12181.889166306852
3398.0,3605.4974491034077
5201.0,5504.479461377525
13873.0,14001.6433528886
7384.0,7535.597307725824
10262.0,10292.69449349616
10031.0,10262.69904508445
12384.0,10667.581276442705
7757.0,8999.781338979343
17261.0,17582.789273858678
7298.0,7817.254162306854
7229.0,7208.802782007446
4174.0,4233.029808966543
5699.0,5510.0270589184765
4880.0,5553.102081476931
15284.0,14873.006629199028
13759.0,14089.350712477697
16092.0,13365.916558414716
4392.0,4623.436223014305
10262.0,10343.126571712124
3841.0,3869.23890384145
5048.0,4042.7087511495456
11096.0,10851.972766793795
5073.0,5070.643479257643
19828.0,17898.683935411107
3739.0,4315.966079870282
10598.0,10961.904538847568
7229.0,7002.206259153061
8610.0,8653.122778142657
6216.0,6152.209903203608
6961.0,6767.20777196824
10703.0,11238.917565877853
14151.0,13229.242974468865
8586.0,9002.460253313991
4488.0,4208.635646023585
7408.0,7501.48780916472
5443.0,5832.0708906304935
10539.0,11209.801400847991
7723.0,11069.468838262019
15411.0,15527.426273252948
7229.0,7227.326121922389
4804.0,4755.536908479262
4050.0,3628.3316607154675
14151.0,13858.223643082885
4957.0,4729.975703635934
7591.0,9225.075188796942
11134.0,10866.641059008754
6600.0,6752.465002080559
4966.0,7435.387338343602
15481.0,13879.421029682146
5515.0,5262.626842051921
14714.0,15286.59424168244
4959.0,5072.2915298420385
7229.0,7304.794032399619
6094.0,6262.610901894742
4409.0,4189.766451880176
9794.0,9922.46646296714
5678.0,5409.74951853124
6442.0,6409.927172305207
4878.0,4732.923680858204
12446.0,10625.875758956403
16704.0,15611.10354218694
9134.0,8989.748141649156
8586.0,9560.287809483663
7229.0,6899.293102198801
6144.0,4831.072390529913
6961.0,6597.524952158715
10844.0,8975.149412163233
3597.0,3591.847562327843
7139.0,7480.160272398588
25139.0,16883.375472404812
10368.0,10516.713588222941
5117.0,4809.860546358144
9211.0,8917.96422656629
4174.0,3995.3223255775283
10786.0,8662.510943433534
9134.0,8894.87499955158
13376.0,13719.492070214696
6955.0,6489.741535842099
10844.0,10180.096680342416
3807.0,4178.174459781269
9663.0,9653.328412179653
12373.0,12208.694618289286
4991.0,4021.9698838523705
6745.0,6937.757216588246
10262.0,10315.899289913694
6540.0,6362.061989536083
3873.0,3870.0201144820835
15554.0,15609.500561283123
4804.0,4758.838939680636
7438.0,6409.753324598723
6181.0,4358.628621909058
9424.0,8204.036839244181
12725.0,12836.680981107733
6046.0,5260.455890592717
3971.0,3868.3927849430315
12692.0,12911.582222031953
7451.0,7467.767721405629
13817.0,13880.053821037352
10703.0,10884.581173928824
13817.0,13849.560082218457
27210.0,25374.79844338407
13941.0,13986.995398830004
10246.0,10554.755417147697
4804.0,4766.888090577723
6810.0,7929.874294915073
5198.0,4364.500974905185
5613.0,5014.423556746491
4784.0,5425.279289056987
5406.0,6633.6977420297035
5228.0,5891.225434882336
12898.0,12828.107984555987
4667.0,4638.486585881677
14781.0,14985.502797538358
5403.0,5468.209450118601
9899.0,9609.54472653572
13029.0,13118.81478176031
9187.0,9530.825225609924
4823.0,4801.62835249855
8665.0,8672.648550985352
14871.0,14613.74918789956
4049.0,4174.633350976695
4667.0,4545.437944298546
4226.0,4118.21728350934
7591.0,8616.500858939766
19225.0,18775.281029122056
12898.0,12559.515242414505
2754.0,2741.1857984869225
1965.0,2112.286588296688
12835.0,13729.227180220281
52229.0,47957.07289599481
14533.0,13645.270698328668
4668.0,4737.01317425495
11822.0,11793.667151835607
6017.0,7146.477286853545
14714.0,14799.539089260332
3597.0,3536.918110062592
3383.0,3765.601881515701
11642.0,12043.531196400016
5403.0,5324.789583300314
14221.0,13805.55853488712
8586.0,9963.64458936969
4049.0,4318.54942028888
10262.0,10470.349777643038
7888.0,7670.967871038585
8236.0,8346.711687276777
12961.0,12583.725718060712
8586.0,8659.320324238273
5279.0,5073.770449815566
3419.0,3509.1490752019395
13292.0,13934.937012183596
13067.0,13759.97047661204
3597.0,3805.676875827454
15554.0,15890.16862796988
6027.0,6324.786348466679
14781.0,14674.722016902693
3943.0,3836.9365667349157
5842.0,5412.42444280321
4326.0,5817.44185395816
8937.0,9433.712770108754
3670.0,4378.535221595163
4823.0,4752.573044020884
2071.0,2301.736000866746
6093.0,6004.302560328993
11682.0,11381.201609596308
7774.0,9757.886637117848
13067.0,13252.328213936677
7514.0,6618.553119307938
6838.0,7987.176012740309
3858.0,3875.7690333696496
6795.0,7288.569352026072
16263.0,17190.881299771314
8576.0,8921.888421120702
5228.0,5910.78763933662
16704.0,15544.100194046034
8872.0,6835.423978350578
3898.0,4167.119811885192
3332.0,3276.65810741194
5608.0,6164.191185323808
13941.0,13907.869712758396
9100.0,9159.289244689706
4878.0,4918.3712087947915
6416.0,6510.183783645831
2017.0,2088.7275236807936
10976.0,10312.190924385171
10031.0,10483.922599314386
4462.0,4213.941729753368
5073.0,5014.325067823404
4326.0,3623.7628148705953
10161.0,10983.078685161667
3175.0,3388.221232255102
12312.0,12603.59285937167
12604.0,12622.277825235251
10877.0,11200.033786913247
4226.0,4465.964964623551
5406.0,5310.627435806197
8618.0,5936.956096613283
4174.0,4436.327421888103
10651.0,8852.293802281125
5963.0,7047.1538910587715
10368.0,10620.808471762255
7681.0,11020.972336254314
7485.0,7516.403990703297
4544.0,4503.57382532173
4649.0,4873.385678174168
11982.0,11700.162584738577
4995.0,5057.050809599656
5069.0,4992.33083975803
3873.0,3964.965539934981
3873.0,4055.7707279189876
8907.0,8638.540159460443
10844.0,10864.404622856075
10844.0,10677.26833129355
9663.0,9516.732724008649
13292.0,13618.257007056129
14441.0,15202.935656194224
4050.0,3912.5446129022944
6144.0,5294.335457927945
14871.0,14716.604930795631
4483.0,4494.94084602709
6979.0,7038.596009609096
8040.0,8017.09065756306
7048.0,6686.545111419082
3573.0,3851.944268425417
5054.0,5954.364842586364
8582.0,8792.66363470973
8759.0,9012.554443313726
6442.0,6375.294872400264
8879.0,8929.234970771793
10031.0,10563.673992057715
10368.0,10558.909238572105
3943.0,3940.460497903499
14871.0,14759.351832124401
4995.0,4871.006674102737
10791.0,8497.349290707614
2753.0,2442.757625635061
4423.0,4166.299910176665
4409.0,4097.90676298342
6117.0,5889.275933151738
15129.0,15273.498761272122
9345.0,8613.259657984341
8085.0,8286.21830357436
15554.0,15486.702229941531
3573.0,3849.641428879235
17073.0,18427.127713639293
6795.0,6984.424124254105
5403.0,5382.729747631685
3540.0,3635.521487057527
6216.0,5958.880920087011
3359.0,4028.9666096858623
10844.0,10692.005668610951
6961.0,6667.761948663948
4107.0,3867.1547005346574
13069.0,11557.200974560039
13357.0,13964.20012527641
6938.0,6816.880059983687
13292.0,13253.166536881443
26743.0,24879.678198469715
13568.0,11199.35128767485
15353.0,14461.450447811769
3597.0,3649.9768660079276
10031.0,10672.885776500541
14687.0,14141.435583902085
7229.0,6625.818870922413
10188.0,8513.966614483239
7398.0,8333.251093935303
16704.0,15536.295531184625
8153.0,8736.23988082743
7229.0,7263.9039148214415
6943.0,7772.209975620881
8937.0,8615.16159670594
9400.0,11714.664078809436
13152.0,13045.84782466791
3419.0,3876.007685942291
7927.0,8410.585277448727
9796.0,9657.618030465208
8028.0,9385.484908639137
10759.0,9755.77101379139
10197.0,10303.4537601195
5228.0,5859.304130290404
9275.0,8644.293919849872
5277.0,6385.368727756706
13848.0,13195.529387299672
6412.0,6872.937110193019
13941.0,14003.559203751092
4668.0,4696.237657350849
3419.0,3486.8850629461554
3943.0,4082.2207909423946
6528.0,6384.93652859862
7229.0,7208.524848620892
13542.0,9044.721464089273
8529.0,8795.35656769173
8016.0,8064.519879450564
13029.0,12348.095704335743
15129.0,16421.982652047696
10368.0,10669.11852197803
8666.0,9511.114117093279
15554.0,15458.226272980215
26890.0,26558.495704404046
13067.0,13285.020908134897
4544.0,4464.189587820744
8452.0,9115.461898981288
7268.0,8473.992861935238
9627.0,9778.796546999127
9103.0,9469.839361800527
11142.0,10529.895303627596
4148.0,4215.050413133473
10844.0,10845.258244695633
9646.0,9503.214496612689
12475.0,10977.15155232128
15554.0,15734.040348468396
10262.0,11747.774902612122
6961.0,6440.3701591537565
10262.0,10181.083682759085
10262.0,10236.620484597443
3943.0,4267.245440309726
3625.0,3130.352774774397
13378.0,11209.651585875039
13882.0,14006.594556666283
3943.0,4223.266895663203
14687.0,14355.77136515156
6451.0,6395.528473036046
4878.0,4934.341355420814
8542.0,8218.72986393482
4804.0,4766.792306058623
6711.0,6597.546193166262
16108.0,14874.629194718866
3943.0,3889.336310748302
15422.0,14996.963921593877
5694.0,5009.354259468863
12681.0,12946.018670972078
8586.0,9228.142684282664
6144.0,6726.502033965562
6015.0,5465.98883670228
7155.0,7560.453606633176
12692.0,13070.740468884884
8277.0,7894.11585492198
9347.0,10844.834815402337
4939.0,6280.188672862463
5678.0,5869.015463544704
10844.0,10953.21395581657
7280.0,7174.276207029191
7618.0,10487.197419696937
15147.0,15003.669448706609
13941.0,14294.353075174848
11467.0,11607.378851301422
6270.0,7440.961590578903
17057.0,17310.516242258225
8016.0,7840.771785780094
4760.0,4774.339991919064
3815.0,4021.1958354721796
4174.0,4074.9422340505166
12692.0,13261.60697885803
15532.0,14193.353974528289
4995.0,4984.314933689035
12898.0,12479.878915934045
9794.0,9679.161982959997
5228.0,6026.688838177393
10262.0,10507.910241346071
9646.0,9521.713827203555
15149.0,14612.449208347829
4205.0,3996.386895096336
15147.0,15179.108713066114
13712.0,12917.807581946174
12415.0,10260.713582487953
5192.0,5400.28251553175
5162.0,5483.850842719734
9027.0,8568.03101278706
11134.0,10524.842952357534
10844.0,9964.261735097823
12890.0,12707.535948832812
14571.0,14601.289984730101
12121.0,13376.244716798514
12373.0,12525.772656045936
10972.0,11708.69458714563
10262.0,10832.156752281518
12898.0,12702.34082105534
6442.0,6863.454650445755
5403.0,5235.18172981477
5703.0,5978.254237301499
9871.0,11080.130814405517
4174.0,4326.223947440783
11972.0,12498.949898027073
4174.0,4061.270919238709
4804.0,4796.349474507966
12681.0,12629.55358828735
4508.0,4580.157990749972
10262.0,10388.16806624232
16775.0,16169.186211574182
7198.0,7400.473878854526
13014.0,13321.307359903923
10991.0,11822.383872865648
3687.0,3683.5568812490974
5530.0,4508.666449541476
3815.0,3730.7026103723533
6535.0,10992.94399583357
17234.0,17246.72180937002
19907.0,18895.795579297523
5022.0,5937.494995390813
6305.0,8446.818755193071
8728.0,8930.619768481603
3943.0,3953.8502001415577
3175.0,3101.1308744410485
7229.0,7406.506480657989
8620.0,8223.334948082069
10657.0,10725.929977331645
7832.0,7832.086461601436
11150.0,10887.041433316834
25735.0,26335.9913866981
16263.0,17070.85261383596
5797.0,5724.456967386934
14237.0,14347.688571781
10262.0,10327.852726368606
10262.0,10440.199082765193
3943.0,4105.430040328427
12898.0,12852.381512114827
3419.0,3731.2973083158768
8033.0,7325.258792376736
27992.0,27421.041683076262
13941.0,14291.681596787184
14388.0,14387.129592052223
10844.0,10413.247880581626
11600.0,10265.659145238109
5277.0,5006.668665011802
10262.0,10560.573661994204
6144.0,6613.930985835253
12898.0,10358.037953968635
13941.0,13924.4999494848
12373.0,12340.14488351312
3841.0,3738.2075940862474
10697.0,11144.870359035122
26890.0,27681.37884261053
2175.0,2074.6365453340936
9476.0,9776.389386539417
3100.0,3054.9149999261413
10368.0,10455.501352948215
2017.0,2003.6329355790226
3841.0,3833.2906243241623
10493.0,11289.179022888587
5126.0,6409.432724714874
3943.0,3958.3674163887326
11552.0,11242.354369440682
7934.0,7376.596798256868
6092.0,9993.710120005422
10112.0,9194.701689238955
6627.0,6542.215816642091
11507.0,11350.822589200287
26890.0,26142.74109229389
13817.0,15236.299815963821
13364.0,13574.906643483862
9187.0,8782.246653638605
5277.0,5301.0495319969405
13492.0,11222.872276352557
5162.0,5244.584224314938
5897.0,5659.929250616194
5510.0,5739.723054139462
17261.0,17318.861654220214
7485.0,7498.642110790108
4667.0,4651.928267712931
14151.0,13657.934106992416
7048.0,6636.716597930646
12557.0,12404.654194135446
15965.0,16581.701652273336
11791.0,12016.046675170342
8291.0,8935.875773388285
4990.0,4995.441131221062
9135.0,9378.031302518346
4409.0,4409.800269965103
10844.0,9025.194744957616
10407.0,11116.454862887826
9315.0,10393.125182724778
9663.0,9090.113908871012
9264.0,7976.898948861189
3597.0,3570.3595386340126
6442.0,6421.228738356021
15078.0,14179.88977881552
6218.0,6225.08198075857
10262.0,10335.871618466072
13677.0,14185.149994384788
8016.0,7945.869844321082
10262.0,10336.662332318718
3873.0,3851.080444401263
4812.0,4814.3820074431615
2017.0,1960.841637228304
4462.0,4369.556155997506
10231.0,10778.153114033197
6383.0,6180.811235009905
11989.0,12964.75321260039
7303.0,7012.1675300847555
7229.0,7099.777880726828
4995.0,5028.851225608987
7408.0,9944.558459764023
14960.0,14761.809760393011
4482.0,3762.882961642197
6442.0,6699.231053375535
6144.0,4985.277139356897
15129.0,15075.210362637306
10231.0,11148.63790156366
4823.0,4699.044381160513
4823.0,4989.363584323856
12898.0,12743.730706825127
5678.0,5333.748625929283
14483.0,15710.567233488757
2228.0,2814.933021422917
8018.0,8786.281573331455
15136.0,15495.386494427155
5583.0,5925.25726051152
13381.0,13295.255197666616
7932.0,7157.960475317883
7757.0,9115.250314078163
13029.0,12956.432606778422
3841.0,3816.3492205788343
10216.0,11961.323344490122
3100.0,2878.394545747839
8245.0,8793.65336248974
14594.0,16172.90039318113
14237.0,14521.821894776465
13164.0,11755.532525234341
14924.0,14755.15873902791
10844.0,10755.936407105884
7064.0,6364.122729831379
9555.0,9654.225284489956
7155.0,7770.093944876335
12192.0,12335.031650305327
7353.0,8009.6341920510495
5054.0,5085.059938138974
18485.0,18577.676272096684
10844.0,10794.578855681328
6144.0,5041.241176293228
2754.0,2839.707928727391
12327.0,9969.013846282482
3841.0,3833.0595192341516
12373.0,12311.712898085681
7318.0,7277.29118503044
16736.0,16392.239363023436
6195.0,6679.347091056822
2753.0,2552.7256564189197
3807.0,3885.408332844793
20064.0,19069.47437315093
5406.0,5657.684073654917
10441.0,11022.468149559412
8066.0,9916.37010109434
6961.0,6891.6765445072415
5586.0,5816.498100975189
7384.0,7919.188030646334
20800.0,24211.248836771403
13941.0,13933.72556752896
5198.0,4934.20657922489
3807.0,3714.1385931986233
13838.0,13060.179406143881
11185.0,10726.055139268092
7229.0,6214.955409191577
10262.0,10561.39554047883
4384.0,4399.896145727344
12819.0,14431.07305888318
7757.0,9383.805878050884
7174.0,6865.032912313242
6674.0,6598.453557015104
2227.0,2302.3226038561515
13014.0,13225.826332461715
3175.0,3275.00294411242
6565.0,5666.264026092344
12681.0,12362.257143609262
3687.0,3775.9625079221255
3210.0,3307.33622633563
4778.0,4789.9945620719
10877.0,10882.730023449323
9187.0,9238.355701658811
6850.0,7711.440680027357
14781.0,14706.961814446839
13227.0,13633.506840216587
4668.0,4653.113853847375
14178.0,14137.781332334665
8066.0,9044.552743539407
3943.0,4259.593540315791
11200.0,11142.653772110081
8586.0,8827.274422440323
13044.0,13292.456663292585
8099.0,8936.672645256902
10262.0,10300.562050776975
18275.0,17973.877698865377
8475.0,7655.543212041538
3873.0,3811.0143056465436
2227.0,2378.1131220576626
16389.0,15728.432484544644
5228.0,5911.2604512720745
5092.0,6010.852675458238
4777.0,5775.53768477065
3383.0,4466.014096241411
8452.0,8985.336184166496
3943.0,3931.8388094257352
3100.0,2970.018307538418
14871.0,14889.643671266496
8016.0,7796.734595897169
11789.0,11241.734483408789
10529.0,10485.142387729564
5615.0,5177.149488349081
4649.0,4987.399813224662
12723.0,12695.243627923046
10844.0,10783.937676191495
14714.0,14778.848713111147
6216.0,6040.896487800898
4148.0,4381.135738657197
5647.0,7123.203803312167
10844.0,10724.022684442401
6818.0,6555.078870958283
13643.0,12655.868469608824
6358.0,7869.228583387394
14714.0,14888.806653680671
6460.0,5986.237405251364
9663.0,9812.00596506609
13941.0,13985.00440587321
5963.0,6092.972466631409
13014.0,13125.647981961178
9663.0,9372.627304521884
4423.0,4381.96084587665
21219.0,20338.468369823666
7503.0,6968.262441473716
4804.0,4799.533925498873
15129.0,15044.290629129824
6197.0,6576.403762948354
3597.0,3565.723924832864
9100.0,8562.974008305371
4050.0,4245.523416760555
7723.0,9696.150050820597
15129.0,14986.785720330688
12373.0,12080.567708238734
4591.0,4501.65233145308
6300.0,6389.56493798412
5176.0,6708.613323973216
12717.0,12504.91814589285
4405.0,4500.652453734249
6749.0,6485.104387604988
7064.0,6118.177111165535
16289.0,16520.17387020056
6297.0,5968.539073691786
5678.0,5458.163999240266
14388.0,14270.0484046225
7229.0,7239.366391414047
9806.0,5827.581916010248
6195.0,6689.142073460385
13044.0,13143.90130794229
13882.0,14130.436227651975
8147.0,8203.600065109198
8052.0,8691.779283796293
14781.0,14660.518294462903
14151.0,13919.975721855764
6704.0,6555.6631326400175
9663.0,9737.285495539067
4462.0,4511.8847454910965
8367.0,8142.002122674259
13376.0,13512.370920415087
13067.0,13814.360001349536
5224.0,5078.800813686785
13542.0,11732.879240990942
3419.0,3825.9119327453454
10444.0,10164.822505103462
4804.0,4976.949678256056
4995.0,4863.7540137261885
4957.0,5442.249271209892
15554.0,15859.737532310779
9663.0,9601.56145053616
14151.0,13853.004745201337
5601.0,5681.259092011436
7787.0,7832.442345917616
5092.0,6372.724746190246
10844.0,10521.87128067843
23583.0,23689.509124642824
10676.0,10573.545913488828
10156.0,9439.63911647223
8627.0,9402.438117035015
4409.0,4321.320196920221
9646.0,9563.248943169203
13817.0,13884.908406144103
13538.0,13027.80511604114
9416.0,10118.311281174805
7229.0,7123.110321543683
10203.0,10100.523709532743
6778.0,6612.106316397826
2754.0,2742.6192360927867
10991.0,11776.408034186434
4668.0,4632.55887784088
5726.0,5443.242489126977
14960.0,14460.75338213203
7480.0,7411.992407618215
4107.0,4443.873983432206
11467.0,12067.621507358657
5796.0,6155.054087559523
10262.0,10378.046901739883
11543.0,10937.476512623618
5298.0,5405.768406150589
6451.0,6685.079937167073
6245.0,5960.197285305143
2071.0,2150.6432587711715
4804.0,4765.058795220469
7005.0,8015.439705029202
12284.0,12833.537260820725
10203.0,10074.833205251114
6938.0,6885.270835263593
13377.0,9000.830688020407
9779.0,9831.511289372665
4667.0,4640.795571041812
4544.0,4431.229874065185
16079.0,15541.666338392879
7064.0,7051.543965725993
15554.0,15663.317725871248
3543.0,3555.8521855282497
6121.0,5905.899784797206
8075.0,8602.114281973216
13377.0,12438.734784008731
14571.0,14880.147119752042
3919.0,3783.8498585460848
14231.0,14281.43506624351
2754.0,3063.870286676625
8067.0,7626.017642095473
8452.0,8402.045537549155
15025.0,17201.36767948472
26890.0,26093.41945846938
15103.0,14704.47855873335
8586.0,9638.907616279737
10844.0,10879.340757279682
12898.0,12632.847895239109
8586.0,9155.021898795581
11622.0,11018.399778674999
13538.0,12624.356121450279
13014.0,13304.735701317488
13941.0,13653.809879516393
14151.0,13905.149184002186
13542.0,11576.749338987782
6558.0,6605.982301190274
5192.0,6359.966511141563
4878.0,4770.01574798058
12898.0,12708.493149030746
7384.0,7960.0426468201495
3898.0,4325.4373685233695
3383.0,4199.290091066096
6093.0,6057.021799232894
12192.0,12071.949961196962
6795.0,7444.334764803061
11455.0,12498.757581797729
3540.0,3669.0727967261864
15898.0,13854.169187501851
9718.0,11866.636566802572
7831.0,8508.609381164992
6416.0,6550.114641171051
3739.0,4177.516289209973
8085.0,8356.209627194345
4823.0,4841.387870833545
13376.0,13500.890581572514
8452.0,8865.142022006123
10844.0,10840.56309041451
4851.0,5652.52042627443
6795.0,7376.619152605379
4823.0,4926.617417792456
10577.0,10497.278460768573
12032.0,12067.564917673453
9330.0,8715.483008408133
8977.0,8773.837967714404
7005.0,7682.863857425884
10844.0,10959.13399205322
12192.0,11640.22530992595
4441.0,5974.547337312849
7575.0,7986.280404512932
4804.0,4752.313547380228
3597.0,3569.513294501582
10413.0,10406.788975348796
8016.0,7851.731596181717
10844.0,10835.02749845299
9663.0,9859.80506257029
6069.0,6191.755462218547
6442.0,6620.651505291719
13587.0,10540.376889364812
3100.0,3247.539528276575
14781.0,14874.887245418051
12898.0,12874.14572255401
4804.0,4887.183656443298
4174.0,3993.6301289905405
4591.0,4039.522420297083
9663.0,9552.205768756017
8266.0,8411.867119521688
4823.0,4653.957196939388
6094.0,6042.394549680922
14178.0,14147.788316828523
13376.0,13368.629635643827
2575.0,2452.102398873002
12395.0,12628.994095115628
10351.0,7544.175763565607
5192.0,5786.88154714409
7670.0,7592.527427382466
11161.0,10314.461714831172
14151.0,13676.33148102143
4775.0,4764.168977849326
12865.0,11047.208142564315
5462.0,4948.004285529501
8382.0,8407.58562025513
4544.0,4502.299273758998
4544.0,4347.450085581828
14781.0,14723.739509164257
5158.0,4773.875855423847
5678.0,5657.211987465923
18804.0,18751.179000580283
4049.0,4140.062381856974
6565.0,6001.4939192727215
12373.0,12420.614338400597
4441.0,8655.629096288332
3597.0,3636.964581260673
5678.0,5664.112022609257
10660.0,11689.606078251403
4544.0,5135.492121607906
4823.0,4723.908490394004
14214.0,14814.786189563352
14781.0,14844.72524022851
23533.0,27600.68972686151
14053.0,13841.866247459464
10262.0,10387.814607000084
4823.0,4968.598317758545
8361.0,8191.01794094234
10493.0,10913.636814878135
17057.0,16902.613129998987
5883.0,5808.7743815646
12898.0,11992.415986452113
16079.0,15949.824769824801
10678.0,10412.321656950093
20999.0,21466.293409071674
6575.0,8624.644328778684
15129.0,14920.90620258819
10844.0,10611.526099506727
11654.0,11345.584338076009
5069.0,4785.66323136584
5176.0,5000.172294066771
13292.0,13301.560252249357
6386.0,6389.124519951689
15129.0,15417.629388917594
4435.0,5642.454844948408
4591.0,4583.905050309288
7832.0,7496.429375426794
4174.0,4289.220627949634
6148.0,7804.832940054817
9149.0,9203.077705261876
6128.0,7205.099575591491
6412.0,6166.214277963999
8073.0,11248.269368235748
4256.0,6319.878053202406
14634.0,14754.848508353449
14067.0,9294.165670091417
4804.0,4763.5768010163
4911.0,4776.1963026948615
6412.0,6679.095028506242
3543.0,3499.071878648512
3858.0,3913.5576001842646
9941.0,10739.098747885046
7229.0,7256.796459700031
8352.0,9768.661057471187
14151.0,14313.987456828125
6795.0,8113.231378741961
4804.0,4725.483928268787
6587.0,7422.790455292228
4106.0,4318.054249664382
5510.0,5440.696666846753
15129.0,15090.127532184018
13029.0,13033.427379238521
6582.0,6097.86929240474
5797.0,6282.352209794542
12692.0,12780.547005861348
3332.0,3375.342669922307
10151.0,10228.511433263546
5046.0,5012.5916004971605
8907.0,7935.41492923186
5228.0,5388.594219971141
13753.0,9519.741760970937
11087.0,11383.668393967217
14781.0,14850.452919211857
5224.0,4990.7440702608255
3702.0,4232.669306013761
2754.0,2596.3773742461867
3383.0,3409.98135371248
5228.0,5668.136252073889
5054.0,5370.744431852245
13555.0,12918.838090185856
7408.0,8287.335515276216
5224.0,5049.91323358927
9694.0,8514.04038422783
7318.0,8089.760899846826
5054.0,5337.109421986139
4030.0,4314.588546873622
16736.0,16967.562323829883
2050.0,2719.394980798388
9977.0,12708.976972132794
6755.0,8035.448028874142
3502.0,4070.1991357892425
6961.0,6893.087327854988
4544.0,4402.244514329123
3841.0,4026.7459985309233
24115.0,22728.68008782637
9502.0,9267.028571917206
3100.0,2872.6668524634842
4319.0,4123.400158685942
2227.0,2376.0161055794265
5831.0,5739.31496753469
4804.0,4986.4832566210125
5458.0,5520.16512910051
7229.0,7101.91637464229
14571.0,14407.869440784598
3919.0,3776.377310718004
6916.0,8091.867058472516
6960.0,6419.535082738468
16757.0,15656.726886470076
14871.0,15007.996640371242
5054.0,5104.23428802195
12488.0,12699.141108053003
4823.0,4871.3775533640555
14483.0,15788.961046474986
11989.0,12233.82487051464
16079.0,15994.435024536166
13067.0,12370.424079712899
6818.0,6538.001633594068
13941.0,13923.090276883097
12927.0,12995.39842394429
4804.0,4731.542022407045
5406.0,5484.085544295995
7318.0,7338.630918638579
3384.0,3866.1496934118427
11410.0,10319.618151920477
9134.0,9108.949745635551
7832.0,8044.913246234624
14815.0,16072.414311943445
4591.0,4330.050449011925
12373.0,12243.261913539132
4284.0,6666.235942364282
13941.0,13747.134271334762
16289.0,16529.83164630617
9165.0,9479.845699157904
8016.0,7852.073184195207
5192.0,5081.895163531642
14939.0,14802.331272965443
25735.0,24468.080705266046
14502.0,12940.959740265998
13817.0,14034.73318046989
14151.0,13785.943787370847
15077.0,14767.448483158438
12192.0,12314.054121235504
1965.0,2098.4762561669017
3850.0,3856.579587458811
3175.0,3302.5420392426895
7229.0,7224.999783204887
16079.0,16072.80337890542
4392.0,4289.683806912758
54826.0,19799.587261483946
10368.0,10570.092328090335
12898.0,12779.646494135048
14960.0,14107.184248774154
6442.0,6741.306093892432
3597.0,3548.232662350365
18804.0,18717.36393401603
6111.0,6435.584374791158
6015.0,6281.618391045016
6121.0,6343.748284677593
6287.0,6244.089666516492
7229.0,7226.167760245987
6442.0,6416.83056686693
4544.0,4670.819310164375
11542.0,12056.601156329629
16079.0,16014.723473568998
6076.0,6464.049310532693
10408.0,11780.864339948785
8446.0,8989.74320007358
13663.0,11772.573150001233
10671.0,8506.37180051319
3383.0,3518.3375820526167
9021.0,8506.262936077092
14533.0,13543.833226711333
11992.0,11700.264236663143
3597.0,3691.936929055037
4077.0,3935.022551558994
9646.0,9335.94429759751
3873.0,3800.5761580307703
15129.0,15243.853236462723
6104.0,6350.662355974023
16022.0,16018.623836011298
10562.0,10994.539060763957
10945.0,10292.666080534704
3873.0,3968.62792934173
1840.0,2271.933669017054
9585.0,8531.530366069952
3210.0,2881.109664922403
6147.0,6183.393908570209
7341.0,10840.671633386313
8372.0,8600.986567074218
10877.0,11253.52396666101
10441.0,10921.719969945249
13611.0,13471.414268160286
11087.0,11168.026287259529
5963.0,6110.560383946564
3597.0,3671.846407725475
8529.0,8554.307111980326
10678.0,10345.149223187187
8285.0,8047.908117456659
18371.0,16219.077316161876
12692.0,13486.88684486704
4423.0,4250.537756763242
7229.0,6871.28628962524
6144.0,7105.721367167648
10919.0,11029.709134374905
4148.0,4253.937859152932
3873.0,4873.730855209512
11702.0,12446.115782262576
14871.0,14686.825206434063
11234.0,11847.09557517148
6938.0,6822.969511462147
6093.0,6282.902007678261
3943.0,3981.699810287679
8040.0,7761.328111934377
15129.0,15082.174818802274
3597.0,3660.908482528042
8610.0,8824.990585423582
13067.0,13129.44369998607
4991.0,4290.185563245911
4649.0,4738.71393490882
3597.0,3602.8768966941416
12898.0,12444.423605382286
9296.0,8891.866474287006
8855.0,9228.592503878657
10262.0,10465.683152917834
3943.0,4052.7741963398744
9001.0,8666.98396165605
7670.0,7893.473034666599
7530.0,7917.525841566766
8443.0,10694.340470033645
5351.0,5049.716064240867
6688.0,5787.945632781653
11087.0,11232.725699997827
7664.0,8331.643979940829
4775.0,4715.4360048159115
3514.0,4011.501389503575
13376.0,13554.538329691311
14300.0,14598.197469858984
7480.0,7359.976699850514
2227.0,2347.5653829460066
7452.0,7685.236070262921
4409.0,4225.081967682135
4647.0,5130.458801159712
3332.0,3416.4310790510103
6902.0,7577.3380819957265
6857.0,6304.023334076791
12373.0,12365.102547249788
11789.0,11693.699109768897
13039.0,12423.626890650708
11087.0,11090.7883721008
9345.0,9219.328397571233
1965.0,1953.4159431186479
6093.0,6450.340940341745
11841.0,10384.348158914387
9663.0,9254.402169645195
14714.0,14791.178151897459
8529.0,8694.81438582517
5073.0,4927.530141469333
7229.0,7285.204598803177
9194.0,8746.34889001938
11789.0,11312.452122352635
2017.0,2023.7949879376283
15894.0,15351.955727585695
3419.0,3704.7229479797616
10368.0,10480.646635580899
6027.0,5747.27174677516
7480.0,7687.05284083962
7189.0,6092.229459376681
7276.0,7215.0451864475235
15764.0,16646.391150513533
14714.0,14644.950355953288
7888.0,8193.003350143872
10262.0,10386.561623730915
15318.0,15354.145393800218
5608.0,6782.093896030313
12681.0,12855.209424907449
9417.0,10320.901363044248
17057.0,17616.051970504486
12537.0,7816.631919784534
10651.0,10474.48756094167
6741.0,6406.249527767116
10844.0,10836.290543555226
13381.0,13776.100962589548
4423.0,4221.404342774757
5678.0,5597.980818269902
12719.0,13189.064507543082
5054.0,5307.486178123597
7480.0,7613.242259191671
6961.0,7014.602035535959
3841.0,3876.678525548913
3943.0,3888.3497160128486
7229.0,7341.788123893215
4319.0,3877.751515534739
4423.0,4238.024663266029
16079.0,16196.825584998556
7754.0,7164.526679130553
10467.0,10543.91804519021
14714.0,14665.029774576555
7452.0,7542.981302069407
13276.0,12495.730046766372
31783.0,21912.674159922266
4667.0,4926.053090432269
7229.0,6741.767151953417
14237.0,14160.069292255987
8266.0,8103.849454927132
13882.0,13828.376179520026
4823.0,4638.680937869807
4483.0,3598.4316257574887
6961.0,6953.761246625707
9663.0,9233.42094479302
16704.0,15793.409186389683
4049.0,4162.768673267239
3807.0,3788.255297939475
6442.0,6387.305391092306
7832.0,9360.685942009353
6442.0,6405.814510591157
4823.0,4894.055983217041
13555.0,15592.559124088628
5135.0,5378.524861401361
3383.0,3995.6608808538567
5842.0,5410.142932138685
16704.0,16170.52400990242
8366.0,8644.15971086142
1965.0,2038.032314470254
3873.0,3909.135067628379
27992.0,26994.735154855658
10678.0,10227.101089982572
6824.0,7697.792391889576
9443.0,9822.184683920712
13378.0,13014.711692337447
3943.0,4030.6633330906716
7191.0,7082.941536854763
3625.0,3590.749614937545
6841.0,5450.0623579331495
11134.0,10991.622566518205
14571.0,14490.7322516679
12346.0,15378.812480109144
4544.0,4675.641775775379
13376.0,13666.245340977564
11087.0,11082.710775177808
5515.0,5306.287707242277
4804.0,4704.534406373
3597.0,3555.4408669616864
15353.0,14888.390190579968
9899.0,9649.13699585546
13817.0,14144.22273367488
19329.0,19389.572063403604
16289.0,15798.445975719806
9663.0,9531.39544179168
10975.0,11083.071225478629
4384.0,4239.300595359507
14714.0,14994.355786568263
10919.0,11174.75983627031
14388.0,14233.245842224764
10877.0,11045.003258964858
7191.0,7244.5839101621295
6686.0,7177.651709046877
7530.0,7226.961381285739
6442.0,6357.200398282477
10262.0,10300.273206955851
13817.0,13962.632544829481
13626.0,13842.901394921973
14388.0,13967.049035757522
4804.0,4724.029301678427
5406.0,5493.710882417258
4611.0,4755.594557681391
5069.0,5158.389362823898
3898.0,4190.858693432077
2754.0,2893.13735852111
6943.0,7814.779560126121
14781.0,14701.910890897414
16079.0,15843.642175264255
8033.0,8002.738736796027
6953.0,7474.964856522827
4823.0,4903.542591231322
4174.0,4131.6286107172455
12819.0,14222.93794095381
9663.0,9302.617064144542
3841.0,3821.680094547406
5000.0,5095.513238648007
13366.0,15425.397848414665
12395.0,12698.63645589351
7452.0,7685.790248673572
15554.0,15614.120876472853
13067.0,12319.67538206421
6565.0,6052.531947099543
1965.0,1961.360501034695
3332.0,3383.182841560672
6208.0,7033.893181188326
11161.0,9123.10989957507
12224.0,13314.16634722091
9663.0,9487.061211675464
12284.0,12956.912845652676
7480.0,7469.345131271859
17024.0,16654.874720710577
14151.0,13684.14965881754
4804.0,4847.036487975967
6069.0,6240.98052640305
6065.0,7798.817564984413
14151.0,13847.431874260497
14231.0,14526.020159076057
12395.0,12589.75107477574
5636.0,5329.749753993945
5232.0,5711.302504932195
14714.0,14615.186149980162
3850.0,3850.7570424698024
7258.0,8029.593723667916
17471.0,17384.26846722712
4423.0,4191.813602786917
2227.0,2257.2430346534243
13377.0,9862.409006019268
8016.0,7925.830934140719
5626.0,5810.34046864489
6860.0,5775.456213816612
6628.0,6727.896469468155
11627.0,10481.587227148757
4174.0,4130.283177184984
14714.0,14797.187072241602
14151.0,14146.728450966233
12898.0,12695.056863040078
12373.0,12380.356935714068
3943.0,3912.3300493611073
7870.0,6853.389451307874
8016.0,8109.799824311773
10975.0,10665.687737221002
3850.0,3802.321127356918
4804.0,4564.998433860515
15554.0,15912.929030309804
4465.0,4060.3258995460724
11841.0,10860.903854304719
19332.0,17175.837956787145
3841.0,3881.4229018878864
4591.0,4684.795835354425
5192.0,4850.844077161764
10577.0,10551.463762819214
15129.0,14764.642528535996
11789.0,11740.319393481965
8372.0,8608.384380649468
8266.0,9038.440486006817
14781.0,14490.094666422787
5613.0,5817.61117239676
7229.0,7229.883630382337
6093.0,6240.876734843235
15544.0,15607.585080026509
6296.0,6412.213825201093
4804.0,4777.777558479714
4284.0,4348.138344969162
6558.0,6479.389314927631
5775.0,6034.892914336923
3543.0,3520.666089554345
17024.0,17652.036085552
4050.0,4094.353080927051
14219.0,15008.543777834488
26890.0,28318.97914744635
9653.0,10321.553872238217
3943.0,4227.213017432827
10844.0,10589.817616982951
8849.0,7797.747175022482
2754.0,2750.8201121823863
10756.0,10539.164000006322
14151.0,13775.250311892758
9899.0,9613.905914779492
12242.0,12558.403991313822
10368.0,10575.269757724258
5755.0,4624.262049252089
10262.0,10380.926100842857
6643.0,6695.078938281462
9845.0,10146.64210350551
11134.0,10894.562010979424
5583.0,5907.861884224517
6069.0,6468.780598444264
13817.0,13938.4312167095
10283.0,11786.267407438807
7795.0,8186.939020351535
13977.0,15199.348332838877
6038.0,5562.2341942200055
5601.0,5749.090380710009
12351.0,11619.962612787256
6094.0,5540.2525258927435
7575.0,7843.285644532856
16079.0,16461.907463257776
10262.0,10280.481584970486
13470.0,9489.971882645024
8016.0,7802.153703822006
16289.0,16670.423496544285
10262.0,10258.155587183157
4823.0,4817.6631479794405
5403.0,5277.96690257263
12373.0,12409.408771172026
13552.0,9337.784579835416
10844.0,10459.94953515409
22619.0,17711.536135687304
8625.0,8063.483101997144
4777.0,5347.57608370138
5000.0,5134.4455413526985
21954.0,18797.76922849419
11627.0,10436.97972741561
13731.0,14088.077843342546
3943.0,3887.0962458114714
6992.0,7680.189635843703
13941.0,14091.25623565386
14924.0,15135.404395009784
18371.0,16259.955541396625
7295.0,7611.1399153311195
9292.0,10003.541334730642
13941.0,14263.977064597166
4150.0,5940.172918661974
12681.0,12492.44746240215
5601.0,5734.929002065575
14960.0,14706.98833678399
13377.0,12891.47537354979
3342.0,3080.773407899749
8016.0,7851.238496336254
16736.0,16876.629763278357
10031.0,10173.1619919543
7258.0,7357.904711877665
4030.0,4333.253307919644
13381.0,13378.398293543312
16704.0,15514.001377149365
13587.0,9740.328658517294
5678.0,5921.431890258344
7064.0,6994.41270368268
2754.0,2840.5036350752407
4668.0,4779.555423179397
4107.0,3895.220566211906
5894.0,6103.236934191886
10262.0,10213.96601164465
13941.0,13856.497780698794
6451.0,6664.834109185877
10975.0,10721.864701109507
14746.0,14115.34572696529
11410.0,9980.176284000656
3841.0,3856.088430128367
13381.0,14276.236888724612
15078.0,13621.374934508722
8891.0,8924.460247743325
7757.0,8969.680690903
4441.0,5397.526925152707
10031.0,10404.452276120202
4823.0,4913.993653679732
8576.0,8859.07055098924
11087.0,11108.573573698386
12373.0,12432.71116552803
11432.0,12405.27465368801
3175.0,3424.365375793216
4804.0,4838.743361916641
13014.0,13356.299491475824
7563.0,7873.7534346062985
3873.0,3874.7809095476346
6282.0,6447.954602162422
11200.0,11453.077957412597
5613.0,5536.354647386895
5601.0,5946.826091975165
10262.0,10243.838065409805
14306.0,14517.143353171927
7064.0,7177.200753411026
18371.0,16324.454360013775
13591.0,13752.637134110493
18275.0,17851.914004952163
3749.0,3439.8656306388393
6810.0,5952.103764390146
7485.0,7637.071136747075
5510.0,5569.664630654809
10262.0,10392.383176194066
6723.0,7728.192154772503
8307.0,10673.137926216927
6146.0,5562.850005920867
15129.0,15399.345230607807
14388.0,14701.45146314764
4544.0,4778.208414843776
5198.0,4766.205340931096
7503.0,7374.432392355533
12314.0,11279.46203620518
8372.0,8736.32491819228
14781.0,14499.654655391569
8016.0,8129.9709376961655
6297.0,6191.893720125611
14388.0,14087.56945780374
6393.0,6164.793699521936
14939.0,14972.726902136006
14781.0,14801.902137219326
14871.0,14179.806016274058
4319.0,4302.653792106163
13067.0,13145.696068011954
26890.0,26804.78256818735
9134.0,9406.864955867355
3943.0,4037.8549043246994
8879.0,9006.809379874188
14571.0,14341.803887801223
5644.0,4709.70975852777
9663.0,8883.955739158622
14571.0,14718.861994501536
3971.0,3901.615125569789
17024.0,17193.926206837023
3841.0,3835.3291940123618
12898.0,12712.295649431755
13376.0,13500.921815230922
9905.0,10877.33220546122
13587.0,9454.505496016056
7740.0,7454.149427124785
9794.0,10261.931868670536
17471.0,17601.341781674288
15129.0,14658.462126335155
11467.0,11973.328495271468
6528.0,6363.3363023074635
8266.0,8077.409249033453
6442.0,7156.647010820781
10262.0,10282.67709810842
17501.0,10825.904616974687
8273.0,5898.197731738357
10703.0,10507.69601725214
8510.0,10793.321096315552
2754.0,2772.220845675847
2227.0,2317.481647140007
18275.0,18245.348059269098
6356.0,5858.433215553795
14781.0,14848.7247926937
13029.0,13097.450167021807
4340.0,3831.4516109950096
12224.0,14017.352937154434
10844.0,10822.943839240932
4174.0,4467.613251122945
14887.0,13924.359743516796
12853.0,11761.537439471113
3383.0,3681.5332228446
11111.0,12563.601777893176
7229.0,7387.471364206285
4030.0,4346.768085976529
14871.0,15100.879534738624
12898.0,12483.096172796164
14533.0,13998.72983033387
7258.0,8411.177439120242
4812.0,4553.763502534442
12384.0,10610.178500351132
8603.0,9747.744124449142
8603.0,8803.159845217986
14231.0,14452.119293625734
11410.0,10898.085477001006
12725.0,13815.085432000427
13292.0,13226.908573642077
3873.0,3916.8925169677555
3850.0,3807.7576876748053
8479.0,8842.763714893561
14151.0,13965.913844890145
5228.0,5707.177920988597
9397.0,9131.470213840781
4995.0,5132.810987718208
4282.0,4099.994521966399
10697.0,11329.064796140514
9314.0,9994.165369808321
3540.0,3555.4376356036355
9443.0,10033.182978990375
15147.0,16007.992171970776
8016.0,7932.105742838914
2437.0,2346.9576292074885
6104.0,6350.937726498771
1965.0,1970.7568057938247
7408.0,9086.371503506352
4049.0,4008.864929616925
8016.0,7977.970844901022
10197.0,10276.670464936296
10844.0,9278.944632954715
12692.0,13569.451825247752
14781.0,14677.079817090738
7335.0,6716.29172265784
7229.0,7220.195452973476
4353.0,6740.452377555787
13941.0,13915.333498963499
12295.0,12172.78851171757
12898.0,12537.087824346809
7927.0,8347.556100395319
4483.0,4459.251056263796
19225.0,18815.68749696964
4692.0,4961.985662672886
13555.0,13711.681559292092
6270.0,6620.714639372617
13584.0,13862.742745438965
13180.0,11030.84355736482
14151.0,13559.835202294142
6216.0,6172.355846983168
15135.0,15452.014841981516
15136.0,16179.113210301934
10262.0,10340.760932523866
12384.0,12179.229464164271
9314.0,8336.6359422591
9314.0,8905.289428002296
10454.0,9963.08266603292
8372.0,8688.979994727008
11848.0,12990.496241330347
6416.0,6680.663098143673
3342.0,4156.167208648684
10118.0,10230.112508569166
14960.0,14302.367195056519
6818.0,6613.652160438782
5510.0,5384.093597307952
14388.0,14056.070937199258
7038.0,7485.709456498777
8266.0,8538.313814659354
14300.0,14474.425701761946
8366.0,8503.630684348816
17261.0,17479.154342927573
8452.0,8641.92681499872
8567.0,6162.430999434063
9646.0,9440.572139878916
8341.0,9226.109501265862
12373.0,12078.462772730458
3543.0,3549.0245352632537
13994.0,11564.153796290613
4777.0,5021.885192389131
7038.0,7317.469383204496
3175.0,3196.2112420680655
7408.0,10436.803928222991
3943.0,3938.3030266634273
15974.0,16611.802954800052
3873.0,3865.960685950532
4423.0,4369.058931611556
15129.0,15224.149773332021
8285.0,8273.22950059865
3100.0,3332.15602620168
25430.0,23084.75381260568
2385.0,2351.574870167359
11316.0,8728.71445308559
10262.0,10299.738206515003
7662.0,7797.488489131853
14231.0,14416.757794779645
6838.0,6762.493024635663
13376.0,13524.722507026
10262.0,10323.903570362107
8574.0,8092.706499868169
7832.0,10380.659589759869
12192.0,11614.747970113718
4050.0,4394.660892587652
6722.0,4787.608845979812
10844.0,10758.358597173923
7408.0,7640.336325523618
14189.0,13024.69433087868
3841.0,3886.7338430230157
8586.0,9030.553019452764
7155.0,7835.301031897971
9899.0,9721.679838083477
14571.0,14578.07052752543
4823.0,4848.063628951304
4544.0,4607.623010219144
14752.0,14442.946061964312
11542.0,12814.920150745971
7202.0,6051.733905068173
11098.0,10979.162927151663
2575.0,2308.32176310634
6673.0,10688.250998425458
14306.0,14272.94966928544
15554.0,15649.937035582303
9314.0,9735.361249420986
4995.0,4095.3052670974075
7832.0,7649.359547416124
8586.0,9686.89231004613
6094.0,5553.01634797816
13292.0,13457.28996054546
9718.0,10559.106640349415
7412.0,7804.663283305802
10441.0,10649.185288102279
14871.0,15057.916559072073
15554.0,15605.046849126718
36235.0,31153.062829302315
3175.0,3416.7904413950923
3597.0,3615.0971765122067
1965.0,1962.55267789594
12717.0,13033.12345177351
6015.0,5846.600593132334
5615.0,4780.614200230763
7845.0,7481.099034193507
10844.0,10668.523161084786
27210.0,21367.740528603885
4174.0,4367.461879596161
6883.0,9729.240568869049
6883.0,9218.728543597032
8355.0,8671.971398097392
5469.0,4468.156925193867
6478.0,6077.878920600214
11913.0,9329.300560110178
7006.0,7040.996460668113
12681.0,12991.205247199554
15129.0,15036.452957118425
13587.0,13585.33283534289
14714.0,14715.770189219686
6220.0,7306.862905865232
10262.0,10980.496828713804
8576.0,9244.826387857407
10031.0,10322.25800504311
12819.0,13179.89107759238
5052.0,5249.162467613826
22270.0,23919.379873529528
5613.0,5383.9683773748
3873.0,4013.785386630978
6015.0,5862.306880292009
10844.0,10459.925690388516
2227.0,2127.3352421423747
7229.0,7306.565315665497
10368.0,10802.54364206361
12898.0,12717.73708579367
12192.0,12067.86428244809
12121.0,13008.925965505941
16163.0,14397.419556554381
12284.0,12704.831040996585
5780.0,4517.214831807026
4995.0,4850.443876633177
6496.0,6617.516572559717
12488.0,12461.738257059424
4823.0,4699.350575104453
2647.0,2535.0916753868732
12649.0,8305.977153337091
8266.0,8659.38898272404
6216.0,6455.044763152548
4423.0,3799.757210846166
17996.0,15259.332135883355
5726.0,5228.211512885998
15147.0,15367.04517876443
15554.0,15685.354919243051
12819.0,13903.241597435297
7198.0,7432.995791660799
5073.0,5178.995066636758
3943.0,3926.6710889278306
3205.0,3697.1803523644417
3257.0,3543.164881837183
4804.0,4743.620780921247
10231.0,8781.944621593771
12898.0,12823.439377433002
2227.0,2428.5944755963606
9258.0,9444.546377746728
9663.0,10035.474994290851
8040.0,7903.885615434793
3419.0,3923.5865183062274
8016.0,7992.972442364986
7229.0,7168.400973175028
4959.0,5479.898354638168
10151.0,10289.111471670116
10703.0,11160.892669609153
10844.0,10953.993389131552
7205.0,7424.680479950746
12284.0,13046.55840518177
13994.0,12861.134207265193
6015.0,5629.9076040520295
4226.0,4135.681132604942
9483.0,11057.125416128249
5198.0,4211.517154469447
10368.0,10775.640175541492
11982.0,11949.73050966248
8032.0,7130.898210790149
5510.0,5617.694654872603
8177.0,9809.67289537609
11410.0,10820.393922887652
9385.0,7269.250838846185
10262.0,10454.191527316076
3873.0,3929.9377524454676
11999.0,11608.16441138707
14300.0,14403.35451596339
2175.0,2087.7832941180864
14431.0,14141.927182511516
7229.0,7263.481174820487
3809.0,3845.53743051821
7354.0,8430.960284129289
12537.0,7344.607945694674
9719.0,9365.023030279131
8040.0,7805.696289248158
4995.0,4752.449801310089
4591.0,4411.064567821811
7662.0,7797.616132763262
3850.0,3766.862613794444
6442.0,6705.749417769845
11378.0,10082.873214274505
13377.0,13104.928051810752
10844.0,10827.318029173211
4995.0,4747.629221008686
6057.0,7307.581788521313
5176.0,5169.228743591449
13014.0,13136.260266896783
7917.0,8786.875606770353
5583.0,5858.041511647425
7229.0,7148.003979076299
7191.0,7509.918576279923
3210.0,3093.2308105189395
14871.0,14401.846278704803
8099.0,8190.9789250114345
8366.0,8729.025440092317
6297.0,5978.295688384637
18286.0,17067.726321622347
17024.0,17260.63680081832
6144.0,4461.816609349626
13941.0,14048.311803497
3702.0,4678.144348360488
5583.0,6134.3601311289
10208.0,10722.910439648069
12384.0,10617.415258844743
17049.0,14869.70859320728
7006.0,7133.437396336567
12723.0,11650.96445112531
10577.0,10348.297727934803
16736.0,16986.477941913665
10262.0,10353.058393463061
7155.0,7790.165536721251
15147.0,15655.703746295703
4823.0,4707.433325288021
8714.0,8205.608948504503
10953.0,12151.203722155386
10203.0,9922.153095276239
12373.0,12396.931121670148
14151.0,13609.060213879387
12121.0,12841.912318365537
5586.0,5739.661463135257
10844.0,10117.426146222402
8586.0,9864.36903164132
5409.0,5588.419880808389
7178.0,7514.0346408937685
5797.0,5850.734741037238
13759.0,14100.100254413783
13873.0,14163.635356680852
16079.0,16059.985386366114
2017.0,2045.2339115205996
10844.0,10638.136884871981
3573.0,3875.69085500657
8066.0,8771.44423689837
14053.0,13724.54936637143
12284.0,12407.545359851707
5351.0,5218.092768265743
7064.0,7094.557845170474
10394.0,11240.923877859015
9663.0,9943.582775610015
13727.0,13263.06337176263
10262.0,10227.358933884216
4823.0,4802.350064716895
7074.0,7203.318942632923
17267.0,16720.490911922177
14067.0,13395.834468963694
4823.0,4757.106148934731
4823.0,4746.018985070449
4483.0,4266.395076250022
14960.0,14650.662191625674
7171.0,6979.45579444444
12173.0,12274.219682889896
11392.0,12715.006951880068
16057.0,14398.71143841298
14151.0,14123.23276424436
4030.0,4028.2782730317767
4226.0,4400.814324477759
11050.0,12703.633908584981
6961.0,6575.273846821056
14231.0,14792.02529273884
10919.0,11027.436284982427
10913.0,10249.373576312008
5277.0,5106.971361430113
7485.0,7468.491594978642
14231.0,14463.775060667695
4201.0,4572.616684985987
7931.0,7660.879178715401
6513.0,7414.081432328408
14714.0,14744.851126933112
6218.0,6325.697186004268
8603.0,9470.627460954745
7318.0,7033.399075831173
13504.0,12718.71012551863
9646.0,8990.626176740707
5224.0,4908.4996171065495
12692.0,13078.781911043472
9689.0,6677.257459655123
13033.0,13353.847082366086
13626.0,13925.387846282372
2754.0,2928.59114846227
12121.0,11549.434242706375
3419.0,3572.353280303544
13033.0,13743.520077059165
4174.0,4132.7301978205505
6152.0,6161.920897772968
5201.0,5214.249139154457
9134.0,9139.769991789915
13243.0,14263.286160201103
15129.0,15384.305163923862
2759.0,2699.1324977281315
4423.0,4145.424474729652
9187.0,9134.441769955885
7740.0,7570.73026146832
6144.0,4732.906684867672
10877.0,10044.513052275212
6442.0,6429.211761846959
7048.0,7311.064485148616
5797.0,6068.85296268471
10573.0,12640.166471807534
7503.0,7174.975118474025
6104.0,5949.460409786641
9663.0,8943.653768481636
5769.0,5844.237223034995
3100.0,3102.540837983737
12373.0,12136.970896260567
3815.0,4187.773563400587
14300.0,14407.563630508823
4823.0,4774.463923870001
2754.0,3003.0499294672245
9736.0,10000.002388295306
7280.0,6600.600568861867
7408.0,11294.267586291737
13044.0,13155.01154429277
12723.0,12589.068777451852
8586.0,9336.011173758918
6316.0,6087.0508367769135
15554.0,15447.944555170881
2385.0,2568.0382438398765
13587.0,8431.6339604004
13790.0,12724.084418713004
10975.0,10911.4296452304
14388.0,14201.440107839531
7198.0,7734.691164779768
13029.0,12597.05254052733
12717.0,11465.58886043144
14871.0,14677.849006396986
10118.0,10367.019103811968
10262.0,10553.144781612926
2071.0,2488.6516270513143
5228.0,5055.60204478825
7832.0,7848.877289831335
7005.0,7461.394142307616
14237.0,14305.9948662039
3971.0,4143.70639671798
3943.0,3594.7656080322527
8574.0,7751.600315950939
12646.0,12071.825896551705
13082.0,12781.322340170791
13941.0,14113.155365008213
5135.0,5010.5293515246485
11096.0,11067.265086686188
13555.0,14099.887707902952
5403.0,5458.60658503309
15812.0,15194.6176910236
14781.0,14415.00031444609
8907.0,8818.355225642279
4145.0,4480.306444521563
14151.0,14779.851020832515
7845.0,9098.498737845535
8099.0,8815.554023644278
13377.0,12611.708206307423
12734.0,10288.5810586029
10262.0,11245.389196722253
7229.0,7157.679433735567
12395.0,12644.713101117848
11134.0,10842.898536838698
6540.0,6956.215470756031
7354.0,7727.729684769548
9548.0,9417.929447743702
9187.0,8580.590958509223
5054.0,5184.216642223453
10413.0,10655.72321646566
4804.0,4697.656087923161
4049.0,3973.206700502972
6795.0,7239.672063763536
4435.0,5690.80565916349
6224.0,7365.516719868493
4804.0,4574.598688553514
6171.0,6309.064056988435
6093.0,6318.093846910153
4174.0,4274.514158820124
3342.0,2793.773338088791
13587.0,10599.948010709084
16079.0,16169.636460133022
6015.0,5780.467216393715
13067.0,13670.057596312337
9103.0,9828.073771572124
14151.0,13232.01022355036
11538.0,12342.287101428705
8146.0,8153.859174927289
6117.0,5981.555578789386
17024.0,17058.70058531197
22270.0,23571.832476378204
12692.0,13193.196450516949
8610.0,8532.294170129187
6723.0,7621.523176707803
4878.0,4950.092523586928
16736.0,16858.635968645503
11134.0,10805.273416815702
3943.0,4055.249049649946
13587.0,9758.25035031038
16914.0,18134.635359542364
1965.0,1935.1467357945774
8073.0,11292.09139062546
3943.0,4002.79509651975
5170.0,5029.777952272302
3398.0,3871.5412002708567
4409.0,4501.0678966216865
8541.0,8410.565417245896
4777.0,4799.859515403927
3847.0,4180.420588865897
7064.0,7189.3932158083135
4668.0,4819.999195520664
1965.0,2047.207929738875
14781.0,14665.242313854425
4049.0,4552.649448825645
13584.0,13855.977580939369
12373.0,12333.214537212076
16079.0,16117.075616633958
7229.0,7208.771293516621
17471.0,17351.845835288408
14781.0,14401.67528226441
14571.0,14614.37729993583
10197.0,10352.245291061186
5975.0,5648.913664533441
8535.0,8455.040081416184
12537.0,7558.257727099767
4145.0,4506.77840083747
4049.0,5107.1543042874555
5192.0,5787.3949196476715
6121.0,5162.6489065275555
8669.0,8880.372238615231
8476.0,8767.559089976996
2647.0,2518.6740609251287
14714.0,14787.584549839945
10566.0,10406.738902192292
10262.0,10325.81007024631
8098.0,9171.346563138739
6883.0,8764.68478400762
16108.0,15073.33735756534
4413.0,3859.4939423685205
10919.0,11057.294295104251
4804.0,4800.371063721674
10539.0,10698.195290700907
4377.0,5733.693283309334
6961.0,6842.0240580737445
7408.0,10672.338963860486
4823.0,4711.48858018483
5198.0,4579.0280294759605
10262.0,10488.204528962557
5613.0,5475.49604883983
10262.0,10360.633033064161
5755.0,4399.551266573919
3687.0,3768.6940119876094
5678.0,5617.0935370167435
13542.0,11861.799306280638
12347.0,12107.525757466932
12384.0,11888.098160243779
10909.0,11182.542845564034
4823.0,4805.505482696831
6069.0,5794.745769220743
12898.0,12783.526132809231
4804.0,4826.89112797193
10031.0,9999.75538086418
6442.0,6537.582451027826
9653.0,9665.061908185979
8610.0,9133.444990729788
14714.0,14757.83421942768
12599.0,15928.706616768999
9103.0,9825.702672916741
12898.0,12731.670743830877
2647.0,2492.2909970878327
5678.0,7117.4343050443995
12373.0,12370.591842291466
3847.0,3868.792298942644
14151.0,13554.838107967285
13843.0,13742.854983101544
7229.0,7258.277472386976
4995.0,3942.240983637574
10262.0,10463.157839982525
13029.0,12930.713396047193
14053.0,12308.496129523988
26890.0,27283.154434065946
3841.0,3791.6090146400797
11003.0,14954.83024845066
5403.0,5227.969756935067
15342.0,16252.610452799048
12224.0,14076.896461207787
6297.0,6045.095298655954
8844.0,7977.400390877171
13377.0,13427.438138957194
5706.0,6587.949033543722
8372.0,8260.477394482017
6526.0,6720.1081019916255
4823.0,4823.263418416906
3175.0,3153.6447114924863
10407.0,11375.673867706002
4423.0,4382.510307582963
9555.0,8662.935990461528
12681.0,12347.768431246359
13059.0,13455.692810186843
8586.0,8901.5969614278
3419.0,4142.456734552912
3873.0,3933.649361959224
10203.0,10431.0662310126
13029.0,13115.052038852651
10844.0,10338.214011395554
11134.0,10639.7606597765
8610.0,8355.14398486302
4174.0,4293.641855735716
11087.0,11084.50210653752
3971.0,3720.59218104735
17531.0,12029.426314878
3573.0,3717.527216197736
8366.0,8719.837212477945
13885.0,6882.328460538819
18485.0,18510.020935350592
4409.0,4645.194638543096
8085.0,8645.478150717643
13377.0,11950.66732895467
13538.0,13077.504549440459
15147.0,16308.578929644102
4030.0,4201.03688760106
14848.0,14153.87046227546
13555.0,14342.200804084763
10975.0,10921.603106296689
13029.0,13083.071432207327
9663.0,9595.51848942167
4050.0,4303.110893066352
14714.0,14644.849566458122
11213.0,15020.559178543323
4544.0,4692.1655380237
3873.0,3993.323129879301
12537.0,9451.541377731079
13067.0,13103.545956074555
8714.0,9098.106582172248
13376.0,13645.605405135495
3597.0,3506.3732939258916
7670.0,8540.967320644082
14410.0,14314.2561397833
7480.0,7840.4530730715005
13584.0,13634.02492652999
25735.0,26902.03833758184
4544.0,4447.4048313383255
8099.0,8663.97124207792
10844.0,9433.675032961703
12557.0,12455.30511176841
9564.0,9521.296387576573
13817.0,13623.867479360417
12384.0,12377.786350846929
7575.0,7550.3189863664165
14120.0,13614.522244711727
6916.0,7930.3424824162075
7878.0,7644.347634648432
11087.0,11227.97113022099
4804.0,5051.21234262615
3597.0,3598.8364571212524
12723.0,12300.920276949711
2227.0,2223.6518205457473
9929.0,9347.208542844972
11841.0,11291.079584415147
12373.0,12543.115467438582
12898.0,12911.254152869902
15113.0,16104.831515460704
10529.0,10477.29442311898
8875.0,8916.912173824858
10844.0,10692.436369890522
15676.0,16837.54832435233
7064.0,6991.634582017403
10844.0,10869.159918609965
19595.0,19168.5318978073
13941.0,13981.393068321464
6790.0,6366.47794791537
3841.0,4009.86898028343
11087.0,10375.976749265072
11491.0,10595.230355704665
3943.0,4331.8686951045465
22270.0,23567.36470055196
4878.0,4891.486307137547
14714.0,14632.456958111483
10877.0,10865.080998429046
14571.0,14575.548512737321
7064.0,7094.134925572362
5618.0,5297.187321874257
13727.0,13483.805322312845
4851.0,5738.169752877263
15187.0,13219.08184172971
3419.0,4415.047169934693
3943.0,4239.596917362653
15129.0,14995.540255340731
3419.0,3641.5500712771136
10861.0,11838.519241666205
7074.0,6854.884223573864
11542.0,12997.45287680269
6968.0,5947.4878548166635
5769.0,6013.4116874245865
7927.0,8332.663938730886
13044.0,13067.389625254184
15129.0,15290.462447727201
3841.0,3914.9203254740482
4804.0,4752.3230599033695
4319.0,4269.483221598496
16079.0,16145.779699407847
54826.0,18139.24486513061
12351.0,12849.080607773372
13067.0,12100.620931093907
13817.0,13677.197553309436
3625.0,3622.3588649914354
18293.0,14830.905623221935
5613.0,5507.898561458745
11038.0,11064.299409940284
4077.0,4141.26786517966
6883.0,8943.683302422893
19508.0,11497.672951954732
8714.0,8654.063716234612
4804.0,4724.887832273795
15078.0,16541.789605007092
4807.0,4447.579360315521
21829.0,19001.182902864308
5403.0,6447.923308617213
26890.0,26766.548618538283
7335.0,6941.717451889059
9412.0,8451.307383125288
10844.0,10830.681692923034
4990.0,4828.546957456849
16704.0,15705.637978349978
7711.0,9015.313582551453
10262.0,10290.563675441113
6007.0,6186.614217807253
12219.0,13462.597257014584
3898.0,3890.9246047507454
11467.0,12837.514208141141
12534.0,11634.640144540554
10844.0,10806.972164459352
4377.0,3936.922580211496
11982.0,11955.059463275142
4423.0,4266.533209326397
17234.0,17177.633929927495
8295.0,8098.992565546494
15864.0,16128.175666819505
3398.0,3551.660606037712
7198.0,9372.998295193147
7229.0,7090.752024231951
13014.0,13112.819589069964
6528.0,6325.537121590687
13292.0,13282.137989959048
11071.0,11312.153801505852
4174.0,4429.597003601715
11299.0,8932.668018418051
12373.0,12261.005703789431
13439.0,14833.60670037243
4804.0,4702.53287839879
11642.0,12204.917589423823
3419.0,3435.4048102207657
6103.0,7815.013467781288
13033.0,13884.684122963716
11245.0,10941.181583116653
10056.0,7191.064572747292
10539.0,10410.874890222876
5277.0,4813.1745152568365
11936.0,10956.99985565548
8820.0,8852.14543637804
12373.0,12259.341421079786
10262.0,10355.943524259026
4995.0,5012.054355507576
7438.0,6369.639845588611
4148.0,4568.532553865905
3597.0,3626.030524166114
5192.0,5375.538896717691
16736.0,16948.32791161829
7933.0,11261.846779706199
8879.0,9064.222831557305
5000.0,6109.691756398186
8137.0,8633.610770257907
22096.0,15159.317340022215
4273.0,3854.695634192763
35185.0,37619.11308462126
4226.0,4387.021417440582
10844.0,10514.066426170875
2754.0,2842.7248956223743
6301.0,8243.104943004864
13222.0,13248.639139678808
12898.0,12869.96318643925
12127.0,11408.15720618754
13067.0,13810.34905830951
9920.0,10053.913382640787
4239.0,4245.27930446949
14714.0,14746.987409103702
6218.0,6038.57200538665
7295.0,8029.203190748915
7408.0,11085.748830537954
13994.0,12740.651385259938
5224.0,5083.733415960598
4391.0,4126.630256722608
14109.0,14144.321547824942
4885.0,4322.885018229485
8016.0,7953.387663969724
12524.0,11983.618702634625
6017.0,6431.269068050705
3625.0,3975.19507314907
15586.0,13803.118089703732
7199.0,7073.641966226697
12273.0,11830.603427560864
7530.0,7375.129978815551
5678.0,5582.589334073778
11753.0,11671.545396111585
1965.0,1920.3716366250196
10208.0,9195.46928323022
5054.0,6049.044297042918
14871.0,14676.12339467443
12373.0,12776.829764916738
2017.0,1997.1412664476643
10661.0,10495.680672135553
9794.0,9835.908896051598
13067.0,12013.951752532881
7298.0,7394.519677609895
7648.0,7554.2819582670345
10676.0,10922.001566044552
6961.0,6797.607732903636
6979.0,7157.180338052126
13587.0,9122.142668356448
10844.0,10767.297083886868
3943.0,4251.2247792548305
6838.0,6709.035769273435
6542.0,6759.095206081881
12239.0,12920.410788204528
14388.0,14271.185505645806
4148.0,4274.602753726575
16840.0,17604.477640973237
9646.0,9468.899745046889
14571.0,14587.681292992747
7923.0,7267.378218079129
8586.0,9067.38530314734
9646.0,9036.288533792134
14388.0,14503.77080500436
13044.0,13104.880278772891
10197.0,11035.487609667316
14714.0,14769.312895659052
9929.0,10515.272854402521
6017.0,7856.151731435128
3597.0,3518.3848380909685
5704.0,6217.604755116403
14714.0,14649.462985462022
5228.0,5623.669212887319
11467.0,11578.094992724566
4668.0,4700.737702945057
4591.0,4604.019988972889
3943.0,4133.389838455626
5228.0,5829.3647266264725
12242.0,12485.989770405498
11185.0,10766.711230862004
6573.0,6515.916885212178
14781.0,14801.605977455309
14960.0,13912.344626757544
4332.0,4015.105939951324
7652.0,6571.890134330355
14151.0,13924.051976493012
4319.0,4123.115958139813
10929.0,10609.502459785632
11491.0,12874.475708134725
6015.0,5834.951571903088
12692.0,13088.21092774399
4384.0,4049.4034709365583
3943.0,4164.7393553169595
12373.0,12086.114393857073
19225.0,18787.175055488573
14053.0,13616.094832572338
5911.0,5766.059877826619
10877.0,10711.040925077556
7757.0,8346.251483829354
6558.0,6488.102848656145
4804.0,5123.150705326291
5678.0,5574.709762112811
12373.0,12398.441003781601
5198.0,4249.072961961399
6064.0,5111.70973363096
15029.0,15837.526923549452
10909.0,11481.563003040641
18492.0,15050.70258458139
10262.0,10407.850162742654
8781.0,9188.744135463377
6442.0,6686.677460797533
20120.0,16150.726289573164
4878.0,4925.360355361213
16736.0,16999.82210316302
9630.0,9629.628123217848
8610.0,8866.959738658476
3687.0,3712.4296525800696
8452.0,8809.566465146585
3943.0,4315.515000688823
3342.0,3787.963822236222
13067.0,13403.709597770221
4878.0,4923.940409815524
14388.0,14104.72109664125
16704.0,15713.2330075197
3100.0,3066.553557062885
13387.0,13433.157987058958
4049.0,3971.709113679244
13029.0,12974.903795528478
3919.0,3888.7126258849194
3850.0,3651.7031058461216
8839.0,9815.893951646414
7064.0,7412.273330237551
13941.0,14085.747360622667
13007.0,12886.023603927391
14781.0,14861.05815749369
2071.0,2252.830842455439
4256.0,6286.376022061011
7923.0,8605.478621842776
3782.0,4101.871440176953
12384.0,10355.862293800901
8565.0,8063.939599701895
6232.0,6234.325588400515
4777.0,6400.596928415096
4145.0,4451.459408789745
5192.0,6309.053195879544
4729.0,4885.3501265057075
6093.0,6350.029505976058
8891.0,8809.051314501885
12242.0,12185.458116241829
11467.0,12018.041215574784
14781.0,14693.221149333735
10197.0,10221.737251442926
17261.0,17250.803817254888
7480.0,7141.652131295254
4804.0,4750.574276484015
4439.0,4383.3454636812885
6065.0,5961.853611010602
8586.0,9425.619273997054
5406.0,5218.961737543662
12142.0,12467.23911951728
14714.0,15844.278387385584
10262.0,10301.96064548857
15434.0,13624.101453046149
10676.0,11033.5382082912
4804.0,5072.971108606767
13014.0,13084.671881952228
3943.0,4230.969736478287
9678.0,12259.238752747351
14781.0,14715.019335503364
10197.0,10576.092760227832
10861.0,11450.354323137391
10844.0,9222.538904272948
7480.0,7643.24586819016
5684.0,5806.185725477703
14714.0,14722.103674745998
9314.0,8398.834606117485
4435.0,5057.667967654274
11789.0,10843.206634425704
3919.0,3766.570640443199
5198.0,4669.55763054891
8820.0,8703.74647497487
2754.0,3142.941338325046
8085.0,8712.564446612498
10539.0,10816.410226054513
14676.0,14470.525086689471
6017.0,6395.918338466994
4544.0,4331.088003037645
4140.0,11430.66741871805
7229.0,7182.011213031607
16373.0,15879.704967176225
10991.0,12226.000009526482
9663.0,10596.45224092336
14305.0,16452.329606656567
6752.0,7343.36979418117
8529.0,8622.839773172995
4729.0,4931.628734487646
7670.0,7997.346788768965
4995.0,4893.303593920079
7229.0,7306.546473064733
4823.0,5006.031295033236
3782.0,3983.9283255077535
12898.0,12836.579718279467
3841.0,3820.202336950674
9627.0,9594.04344896444
14571.0,14849.421133198812
6985.0,6669.0335483203025
8040.0,8026.9785198175205
4804.0,4735.8070069327505
10678.0,10699.834752144181
14231.0,14517.222867404085
8529.0,8873.531915768617
11753.0,12192.420736585731
13374.0,13420.705750452526
3625.0,3044.1941422608875
16079.0,16137.24336207304
10262.0,10400.604638759758
9663.0,9803.36223918628
9595.0,8179.257421343317
4804.0,4783.641105338129
12744.0,13343.888957918554
6961.0,6828.269937246135
9663.0,8925.427022355632
7575.0,7742.57405636584
13355.0,13061.185626604947
12592.0,13043.913959195346
3625.0,3195.5662867954347
10262.0,10332.39654785679
9443.0,10567.263410173065
18959.0,14811.02631502231
4784.0,5798.1683950276465
7893.0,8004.34256149756
14431.0,13762.127435528806
79512.0,39939.22119671393
3210.0,2923.2515314719167
13677.0,13028.451083880218
7480.0,7597.584803063268
8372.0,8431.748346689983
11664.0,11985.697981518706
6961.0,6668.803955224044
6121.0,5727.111337861791
5911.0,5412.888178832183
3398.0,3725.2277379419293
7530.0,7256.861758623917
3419.0,3682.3828148075445
6558.0,4835.96332897728
10203.0,10232.74764396129
11087.0,11156.239957819307
5575.0,4525.360667336887
6152.0,5989.86938451022
5608.0,6081.524380474057
17261.0,17352.358980504996
3419.0,3509.566463838888
6218.0,6960.6440761722815
14714.0,15204.365032082813
14848.0,13593.127086512939
9358.0,8686.163610062775
8366.0,8642.71266268232
15342.0,15980.650037424171
5678.0,5860.14989092422
4804.0,4655.597358243468
14571.0,14553.699755269687
12681.0,12828.010390768455
17261.0,17335.544999441194
9922.0,9385.790185606838
10844.0,10391.719176542665
4423.0,4252.8464261166555
3419.0,3703.8867579444013
14714.0,15325.825093765729
11087.0,11395.747729054858
6316.0,6173.655716665436
3543.0,3476.2910992715756
14571.0,14684.502421559095
14676.0,14414.744074081116
17261.0,17368.871033486612
13941.0,14190.626976169173
13348.0,12681.790033511534
8016.0,7788.779612298527
12898.0,13016.024149937894
7229.0,7254.530076581335
2017.0,2565.1146627138783
16736.0,17093.64594639894
3873.0,3875.4058439445007
6704.0,6906.689902519323
10844.0,10702.995743073008
7450.0,8315.124861368045
16736.0,16859.742229981257
10262.0,10263.842954941618
10991.0,11978.526347563737
3311.0,3637.4328515479683
7081.0,6885.371661737733
3943.0,4098.178154924317
8372.0,8814.770265063
11701.0,12692.626757607304
5769.0,5901.311719697832
15965.0,16433.030927468848
4423.0,4191.600269195306
6136.0,7527.961482088227
11087.0,11662.196523321683
3540.0,3547.3552998920986
12898.0,12703.9189751157
4591.0,4614.588264676449
8635.0,8994.351258109335
14714.0,15657.975009927679
14151.0,13824.571220064125
8835.0,8374.967745277734
11936.0,10636.496843793202
13882.0,13972.924545523578
5117.0,5268.948001840954
4544.0,4597.1414942385745
6442.0,6598.122288261558
2227.0,2211.3006792617925
7229.0,7191.033169835769
10262.0,10541.445909425653
13817.0,14037.06213113559
5975.0,5368.738940831371
4148.0,4295.3829178243495
13587.0,12960.072217955183
2759.0,2720.5373586038354
7229.0,7152.731427953258
13547.0,12412.604341238117
3873.0,3866.589999921295
14388.0,14454.848792215784
13731.0,14098.58508038324
3815.0,3714.8287683414596
5678.0,5710.45278770627
9663.0,9262.761930759245
8855.0,8329.136552450416
15129.0,15117.523546390546
13555.0,17456.968422277634
10844.0,10038.114896671428
7832.0,7728.0402473572985
11150.0,11056.014547646822
8452.0,8555.333731168788
9646.0,9369.120392254037
3943.0,3968.559766706618
5281.0,5494.905003831606
14667.0,12608.987813257103
14571.0,14440.507603650161
28097.0,18465.216558445987
17471.0,17282.905412576758
10577.0,10813.986500583344
14848.0,13701.71430481415
4591.0,4389.476404390166
3597.0,3708.8459104559015
6938.0,6629.804008069543
3807.0,3833.3323289145537
10262.0,10486.968429105678
11432.0,11929.021187293343
7229.0,7393.110370722535
14848.0,13074.683908350558
8586.0,9899.357175675974
6106.0,8055.244355959758
3873.0,4035.6420979817754
15812.0,15832.098700077717
12121.0,12747.877619826806
8586.0,10452.169527821468
7354.0,8357.56142235359
4778.0,4512.674213637344
6838.0,6365.324688885529
10276.0,9725.972700431477
8016.0,7994.900586182671
4943.0,5128.412840634163
4823.0,4705.0944236755195
12996.0,13041.282114643329
9929.0,9805.494042847213
9508.0,10894.389539449705
5674.0,5304.7997628999055
3858.0,3819.1963637403164
4804.0,4782.747729339484
13377.0,12439.82092214676
12898.0,12829.795303684856
4409.0,4924.503653663135
8759.0,9043.297605384876
10394.0,10984.785882968858
3858.0,4150.091107457695
6253.0,6732.516657955882
15129.0,15068.278385039495
4773.0,5070.110202203662
9663.0,9550.113579734996
12692.0,12401.570662990845
3943.0,3931.4311012086773
10703.0,9825.099517313643
8784.0,7692.11281490854
11622.0,11553.758242268954
5277.0,5189.490961273851
8327.0,7483.182904504353
6885.0,6455.165989735303
8016.0,7965.220987177208
10112.0,10419.403168472429
14871.0,14634.862939865052
10262.0,10436.460719764053
2470.0,2374.0378048685056
11622.0,11226.092350309895
8662.0,8668.963990965918
11972.0,12055.836840550477
11992.0,11657.016224342435
12373.0,12329.101002658277
7198.0,11121.84194822174
14714.0,15704.221785426285
6316.0,6483.5441064340575
5998.0,5869.184097488664
13044.0,13122.912616638774
9646.0,8840.754855662002
6451.0,6610.4055137888545
5281.0,5079.834947505051
2228.0,2521.9139084647127
3943.0,4178.128054020077
11753.0,12184.125843962756
8728.0,8852.864009775467
4812.0,5125.015301052256
14151.0,12551.111335911322
8452.0,8642.224647159215
6762.0,6950.474567548667
13817.0,13991.008967494266
12898.0,12751.00070858461
3480.0,3734.6399073552193
27992.0,28935.495272249882
7791.0,8687.711267836175
5704.0,6337.799189595811
5268.0,5262.068297155903
3898.0,3859.6207595429664
3847.0,4506.956975669988
10877.0,10900.779254479565
8371.0,9049.861430855446
7038.0,7635.7652635485865
14571.0,14762.493091061158
11841.0,11323.21330734817
15129.0,15519.988619145899
3841.0,3788.631033224128
10262.0,10310.778318581524
4460.0,4632.363864057488
7648.0,8823.492784893004
8610.0,8713.088168682196
3597.0,3485.6841335179
6442.0,6436.318669814283
12351.0,12166.923320451833
14067.0,13319.559598189413
4823.0,4641.585030732211
12102.0,11971.603284654817
8040.0,7928.064365722846
6582.0,5958.3230899737155
4668.0,4575.279264908818
4823.0,4748.255136057354
3873.0,3925.726782778665
8476.0,8237.065286159548
5636.0,6175.417029288217
8586.0,10606.446024705847
4823.0,4807.150805181219
6881.0,7272.908713965953
10844.0,10529.889226227617
4226.0,4109.334829712564
12373.0,12060.21688848432
10697.0,10807.949072241523
4995.0,4963.221905940267
9443.0,10001.916334482494
12347.0,11987.528297860325
7408.0,9796.83363595159
7064.0,7170.630225292421
13843.0,13912.843668879948
4174.0,4156.623592260739
16294.0,15675.438601476142
3841.0,3883.3896575171816
4423.0,4033.938470084318
5201.0,5312.306216639373
12599.0,13114.176861683094
4049.0,3926.5072340589522
12797.0,11511.624168406734
13067.0,13668.35078821851
9345.0,9431.162998344142
6818.0,6749.694594638986
8040.0,7936.154712856892
14300.0,14422.9651679243
13727.0,13808.09887199326
7832.0,7882.417308138759
16259.0,14596.54694200757
4823.0,4766.1186885759125
16736.0,16116.239982078308
13217.0,13328.096495812773
6637.0,7378.176035467292
10844.0,10840.404996118321
8401.0,9498.386617039943
3873.0,3918.9610120464213
12410.0,13858.293823656662
15129.0,15785.615417884337
4423.0,4311.7549317611665
16079.0,16078.57786939651
15894.0,14931.077608841515
9103.0,9809.79669000013
8991.0,9027.26342547752
7893.0,10585.16036159896
4575.0,5398.517608193672
3873.0,4126.433254784284
7832.0,7758.4429942334855
3597.0,3675.7881108457436
13759.0,13791.260567301259
7229.0,7181.085940069635
3873.0,3976.798674269981
9794.0,10148.002373507868
6681.0,6265.1428492686955
4423.0,4308.013982630818
10844.0,10673.688043098475
7258.0,6783.238599791305
4995.0,4981.552793052625
14924.0,14729.837030270593
6590.0,7620.152342119118
10262.0,10356.982093566214
5515.0,4930.546120211409
6643.0,8142.567595016955
2754.0,2807.296438901746
6493.0,6680.138175122581
6218.0,6168.277978555803
10861.0,11405.069789241874
7094.0,7290.652496234347
2227.0,2128.3216681358317
4544.0,4547.915233004163
7664.0,8017.574289957891
8016.0,8230.912023917956
3807.0,3889.5206975048686
12698.0,12469.996727111444
8586.0,9156.809496678328
7064.0,7091.425449141303
5601.0,5654.026758859544
7317.0,6809.803089663417
12797.0,13847.143562167283
4226.0,4202.083204132251
14151.0,13792.031791130732
6628.0,6617.8124942949125
8033.0,5040.594686778461
11200.0,11039.330235306634
4804.0,4735.538741167442
5192.0,5934.03396792989
13014.0,13168.893738213166
10844.0,10690.769923460162
15603.0,15752.19764223569
4239.0,4405.015969138605
13044.0,12965.029167970262
12898.0,12824.261946261602
6013.0,5910.532874443214
14781.0,14869.69534484283
12557.0,12358.97961203271
13875.0,14432.28035840998
11507.0,10915.380991298558
5510.0,5320.449848430625
10198.0,8609.230210439831
8355.0,8472.604506857073
8016.0,7966.47104355667
6314.0,6355.979944864507
5831.0,6687.083551507102
10262.0,10273.712148335137
15136.0,14586.698890459415
7832.0,7846.106562967742
3859.0,4005.2267361118093
4174.0,4196.126260890757
19225.0,19766.680024657155
10518.0,12006.153198364509
4823.0,4829.252594996087
7276.0,4684.70751132727
12192.0,12735.790960101609
11410.0,10488.473959532832
26890.0,27249.550389126493
4804.0,4703.941735306722
10844.0,10718.51716140528
12436.0,12412.316866280227
4823.0,4656.122516873515
2227.0,2242.6535345707903
10262.0,10393.091480586407
17024.0,17238.70512402661
9296.0,8694.78979312209
6094.0,6578.525043010811
8586.0,9068.34263002152
10919.0,10945.816418922082
9495.0,8352.513501036305
14714.0,14676.866053655947
5201.0,5571.037871947246
7090.0,7920.955236188293
4575.0,4332.938884789145
9646.0,8911.798401915954
5636.0,5948.6400736850555
9646.0,9261.866387479515
4050.0,3254.211677704082
14714.0,14729.105824735057
4804.0,4688.482087511719
10577.0,10516.232317727874
3898.0,3633.714680911533
14571.0,14692.911528586073
8016.0,7894.591400271608
6287.0,6254.125299565687
8366.0,8362.13395375189
15400.0,14942.05935824882
8553.0,10612.672875024316
3841.0,3867.2537774730604
10021.0,9980.108534619072
3597.0,3545.1550200825827
4332.0,4034.9133649574997
3898.0,3584.78662019325
21375.0,22121.35194081852
8610.0,8723.6053252549
4804.0,4809.802213257132
13591.0,13837.929520632342
14781.0,14729.203283738605
9134.0,9316.062042817686
10493.0,11422.663228566782
8147.0,8999.043220018946
3873.0,3891.382677836664
14571.0,14731.295548920829
11003.0,10718.425968117463
10262.0,10414.1440841622
12719.0,12853.016290284331
10262.0,10364.723237614231
7171.0,6789.319439113738
4423.0,4101.711426586089
12616.0,14366.552823658978
12970.0,12720.053889136054
14914.0,14589.040627509885
3210.0,3414.9309024522736
4632.0,4915.3182840312065
12373.0,12244.713710364374
4804.0,5234.6284932185745
21829.0,20091.26344829828
13587.0,11001.857369364585
12819.0,14695.997169415714
6151.0,5816.478474061034
8016.0,7940.866390938013
15135.0,15425.416634386429
6794.0,6761.523521920356
8610.0,9014.040054723931
12723.0,12780.048131972695
7662.0,7616.163405791736
14343.0,15183.024329064405
6795.0,6978.779005401342
3873.0,3948.66608215184
2754.0,2712.7430446836124
16666.0,10189.042707877297
11098.0,10858.901388832945
10539.0,10583.793293336292
9929.0,9568.24036654379
10844.0,10658.300500951707
12692.0,12736.955771041155
9212.0,7202.253529269619
13727.0,13098.793535809406
4282.0,4129.613418833612
10844.0,10675.476720092649
7480.0,7256.864702904603
4823.0,4765.845703019866
12373.0,12112.044813784492
7215.0,7973.375066917972
7480.0,7087.611908812055
8143.0,11449.939785951747
4823.0,4846.181521056705
10844.0,10048.907335312742
5621.0,5080.931647153699
9555.0,9037.738421252106
4777.0,4941.483535812889
7648.0,7218.226738743529
10308.0,8841.290380949122
21219.0,19537.10938914157
11319.0,10547.289799657203
10844.0,10724.655781245167
15078.0,15256.882759646394
2017.0,2020.409047734716
4409.0,4853.146334033458
5054.0,5180.776847942896
10111.0,9697.751980323663
4273.0,4743.266526573166
8576.0,8872.486613071096
8016.0,7960.358103407668
8016.0,7919.074558189441
14151.0,13698.506679891741
4423.0,4439.410836245991
4050.0,4224.354331350103
14781.0,14955.76370973914
8586.0,9724.078889180522
5162.0,5324.820124712002
13731.0,13984.335013743917
7438.0,7013.772788450981
14151.0,13462.037224548092
5613.0,5769.526233178598
5380.0,4818.08004280184
7438.0,7274.197473774231
9646.0,9357.377771848369
6853.0,7284.804515316416
13555.0,16096.701922338654
5883.0,5979.128871198153
6171.0,6695.094159191407
3175.0,3185.0856395664364
4832.0,5890.20533437282
13377.0,13438.616543701506
10262.0,10416.34768712639
10262.0,10354.972335945691
8603.0,10258.71479424079
8586.0,8600.721092421409
8452.0,9026.019536346092
14231.0,14389.56675791224
16289.0,15968.568665595201
6860.0,7534.003529410019
2754.0,3077.1532839571346
9646.0,9402.025609849648
4667.0,4664.819317806033
4804.0,5021.110311379724
4545.0,5995.339696920885
25735.0,26397.15257714339
12647.0,12283.228477367715
8586.0,8990.112323770767
5277.0,5110.838607292036
6206.0,6827.834253577967
4483.0,4652.015280403295
9870.0,9720.382051636978
3841.0,3741.4153250401278
3815.0,3798.323968143064
6860.0,5153.945149695988
12121.0,12308.486885525841
5963.0,6291.5508313438795
3625.0,3603.375075475311
3841.0,3901.3124108559805
4823.0,4586.564314314489
9646.0,9511.233807348775
10152.0,12812.97299020982
7514.0,6765.792564278451
16736.0,17058.709082403155
13584.0,13493.879126713444
11222.0,11588.84546502736
3850.0,3790.2429632560165
7608.0,5372.34816729324
10844.0,10441.366343452677
7408.0,7511.370800664945
3687.0,3780.6654783512713
11726.0,9688.435290637106
9663.0,9276.278862167124
12829.0,13529.469558110404
6069.0,5747.842642951739
8529.0,8791.46187954686
8085.0,8491.39946784674
4878.0,4894.73822079861
4077.0,4364.5042353605495
7605.0,6491.539897217092
13014.0,13107.34118417762
11600.0,10445.165181799624
14151.0,13688.211687372044
12497.0,11698.486413878696
17024.0,17067.917402417625
6300.0,6098.604398647183
15147.0,16129.60136999714
6795.0,7531.350438800247
5755.0,5843.835780104462
10203.0,10247.85452925803
14714.0,14586.830303995192
4545.0,5018.314268172574
14781.0,14561.465870799457
11602.0,11594.678906256999
4049.0,4001.264828783471
14571.0,14583.657899020465
6961.0,6821.66754019539
6381.0,6357.128973753095
3841.0,3806.7894626195102
11538.0,12631.757766303099
8610.0,8427.907768775412
7408.0,8558.913959888405
10262.0,10303.861817012159
10991.0,12431.903220427563
13587.0,12819.95692781673
7480.0,7604.307228197802
6351.0,7676.402048515831
7153.0,9131.728246362258
4409.0,4263.82408210183
7228.0,6590.134330285956
11667.0,11003.713244161134
4649.0,4827.391391036482
12592.0,12965.301186857008
11789.0,10868.991380990876
4667.0,4924.1222288356885
9719.0,5234.547253438795
6902.0,7421.93957571444
14781.0,14168.390700942271
10844.0,10753.491660007046
11522.0,10939.269119017277
6121.0,5925.457458796821
8610.0,9136.957277120746
5620.0,5820.051037913217
4804.0,4746.136634571966
7005.0,7385.50712389665
15129.0,14939.201052049219
8586.0,9316.735970788422
10197.0,10298.886714141952
10667.0,9237.92948098538
11160.0,10578.959992101789
12488.0,13239.1179120563
10844.0,10954.503979986866
9968.0,10165.1310144256
5198.0,4970.887951519786
8586.0,8966.313366912553
4332.0,4018.9214909317107
5069.0,5017.468973469135
4544.0,4438.041870777108
14973.0,14864.355387431093
13387.0,13001.956488900223
3625.0,3920.514853031952
10703.0,9849.488140187088
7615.0,6454.649249235106
4823.0,4693.678773762599
16736.0,16429.666675007473
9663.0,9726.093612427225
9205.0,9752.815909075807
15554.0,15838.938350411436
1965.0,1889.899312601276
5510.0,5738.271133027337
8266.0,8555.422803412772
3175.0,3249.482706357279
4760.0,4862.330316384475
7740.0,7491.225930232771
13941.0,14403.185242457846
11410.0,10525.97908020522
12681.0,12393.5659000369
15129.0,14705.841049814211
10368.0,10762.921659163672
12324.0,12246.25866417632
3841.0,3934.7442598700763
13014.0,13181.027481646306
6442.0,6493.992222454196
12373.0,12228.192122128314
13817.0,14072.030098477591
4823.0,4723.525770447613
9412.0,8437.096132041148
10231.0,10863.63491203779
7229.0,7210.870616470331
4273.0,4753.881174739071
10844.0,10863.674884572034
7164.0,6097.384986926774
6478.0,6086.775253990236
5198.0,5094.867610859129
4319.0,4076.008872714845
10262.0,10306.931867698991
6741.0,6523.996672765037
14571.0,14752.581732969682
26092.0,14978.103169970735
11753.0,11833.445799764704
7832.0,7460.824587079294
8610.0,8701.080413277587
13626.0,13792.379286340547
10368.0,10687.24299439611
2754.0,2751.5573884431183
12692.0,13278.016416551553
10067.0,11731.741054870634
4959.0,5478.767822044194
19372.0,23696.97700409193
3100.0,3239.2869329862906
8405.0,8124.460891585336
6943.0,9043.873982141893
3841.0,3959.464880361858
2017.0,2011.0972107467164
9187.0,8713.308501881822
13941.0,14413.04545128376
8938.0,8334.92271634585
4319.0,4303.896264881962
3573.0,3749.3969972260784
3841.0,3867.303930998435
7202.0,6310.884648743365
9187.0,9583.183911110915
6976.0,5835.474705289638
12898.0,12862.414381652077
12898.0,12839.81781331362
10588.0,11023.310808724365
9181.0,10499.929213669246
11087.0,12654.917170513778
10262.0,11009.724941984865
4886.0,5522.757840631832
8470.0,8121.153756575119
14960.0,14120.715517798055
3873.0,3891.253691388462
11911.0,14028.076784775869
8907.0,8843.087266561854
3859.0,3513.0345597935725
3807.0,3855.464953445016
4384.0,4852.570579145391
11622.0,10513.049539529224
4563.0,7583.254951663714
1965.0,2134.282038557167
4145.0,4219.484085900876
10031.0,10164.009033219429
11628.0,11202.095521225421
10262.0,10718.437907800308
2017.0,1961.6381927836223
6216.0,6244.497587141166
16294.0,16190.529095445398
3943.0,3947.276644722181
7038.0,7479.473317888476
7294.0,10064.378720645444
3873.0,3988.085992808607
3100.0,3176.8222588878934
12507.0,11434.34315380069
6152.0,7088.844017683622
8030.0,6147.251433732918
5769.0,5887.850057951069
4804.0,4787.6039431507525
8372.0,7929.900342016059
8578.0,10968.445296290141
11228.0,11222.018366931192
13227.0,14222.197194030809
8855.0,7381.858225171149
12192.0,11201.882941664386
12819.0,13740.908544111126
3943.0,4147.092447890668
18260.0,15914.29133957098
5228.0,5686.2344201760725
14300.0,14723.74134320939
10151.0,10897.19506171126
5699.0,5400.054505783737
9187.0,8904.168861993856
8452.0,8665.72482440393
13961.0,11862.837297710665
5769.0,5799.7688100351525
10877.0,11353.208774113817
4591.0,4177.390643194063
17732.0,14633.362843064979
12373.0,12303.285218968294
3807.0,3877.6868492237495
9555.0,9127.570180669542
4483.0,4172.859013134571
14781.0,14895.468606391796
12373.0,12387.157481231754
5530.0,5672.412990385251
7081.0,7431.668157891088
10262.0,10218.730765702026
9316.0,8820.28979705605
10844.0,10062.403199065646
8542.0,7105.846902225934
4823.0,4848.210501679926
12940.0,14289.230435166406
13374.0,13473.28212374093
13062.0,10458.3198857001
8541.0,8382.776411673794
11134.0,10811.302807772629
7832.0,7686.041792976252
8888.0,8918.27453808328
9663.0,9821.767714728969
17267.0,16873.41749809121
7832.0,7862.805297821593
12123.0,7052.669371661127
8073.0,8120.382815392624
4991.0,4806.081999135407
3419.0,3424.202146864304
10262.0,10325.990493128502
10262.0,10357.939558575285
3807.0,3893.927020505728
5755.0,5587.594883591408
10262.0,10662.276327543188
13039.0,13075.530547460305
7832.0,7696.695969264468
6297.0,6397.9270205962475
3210.0,3214.911689408681
15147.0,15586.000662354058
4049.0,4291.057929495622
13882.0,13956.913082610203
8366.0,8610.92431382932
9134.0,9568.968550710915
4823.0,4701.957829930653
5006.0,5204.883295142197
7480.0,7776.435602312078
10844.0,10870.765987233573
7064.0,7407.672789601002
5224.0,4922.082901730792
4384.0,4115.578820899079
13377.0,9886.773169762737
8837.0,8307.748919778362
16352.0,15475.633950686231
10441.0,10667.317078587366
3597.0,3651.8318586147407
3807.0,3871.791814271061
9663.0,8611.230120051265
12681.0,12586.511862689014
4668.0,4697.8847922968325
17057.0,18815.976507015097
8372.0,8664.12500971458
5515.0,5846.738020817552
8355.0,9098.284899403017
2754.0,2929.1773368656845
13377.0,12847.942947706775
15554.0,15420.86393072537
5224.0,5148.486888788085
6069.0,6080.524801500448
12373.0,12379.646941806704
6959.0,7269.140206954085
3841.0,3848.421657291669
8669.0,8694.438409115804
13014.0,13265.090406811545
13731.0,13424.235420226249
7888.0,10689.806329876234
12942.0,12206.335883230042
12395.0,12392.378881764556
14571.0,14831.88588569334
4591.0,3834.0111145477754
12592.0,12544.824623252403
4804.0,5247.425765907516
14388.0,14316.24190205943
14851.0,16307.627776827161
8586.0,9448.560582664519
31825.0,30658.716335500667
14237.0,14364.63548877673
5069.0,5073.187376257138
16079.0,15320.205119275564
9663.0,9467.059591949323
13587.0,11879.522528225807
10808.0,11432.799087918522
11446.0,10797.59573916553
3100.0,3259.145894876427
6484.0,7836.422959023089
4049.0,4118.3915848068345
7280.0,7961.151796430972
3625.0,3073.4847555688734
3919.0,3908.611683510777
15554.0,15549.856814943061
3850.0,3818.3656510209166
7229.0,7182.294528169009
4823.0,4853.070805357623
4823.0,4711.513001419693
11682.0,11528.11040969487
4823.0,5042.7928158785335
10262.0,10356.927860824087
6818.0,6669.400133646843
1965.0,1927.578121518936
9345.0,9056.824030645617
6938.0,6684.667456359074
10368.0,10541.187149237345
11753.0,11830.89462750411
12488.0,13115.612328532223
9899.0,9752.350369337752
11622.0,11399.775384162453
3847.0,3875.312698501816
16079.0,15688.007348821022
6478.0,5949.927011536886
5201.0,5637.389090679798
4409.0,4110.084848120753
17261.0,16411.904399346226
4878.0,4828.043723882773
3573.0,3566.9124159073995
10844.0,10771.71424389285
4804.0,4973.031210747627
5201.0,5521.747753388421
14533.0,14184.849424887645
3873.0,4041.2400540234175
3543.0,3427.425200854612
7215.0,7864.888235331604
11999.0,10743.688686568417
2754.0,2991.489682677233
13817.0,14085.911416616209
4107.0,4045.852390330816
8073.0,12095.59499791477
2227.0,2230.0946955116883
10539.0,10490.172692588732
3943.0,4003.673670423147
10844.0,10548.448166903447
3925.0,4977.803266976264
3210.0,3303.459074914058
8016.0,8024.131088893056
3841.0,3837.3127705233464
14388.0,14226.71540700282
3597.0,3580.733201337269
14086.0,15404.090913871609
3749.0,3753.8861199044136
7229.0,7277.368620960061
15603.0,14660.56217095851
4823.0,4587.468186062391
8040.0,7448.798692528326
13941.0,13610.088048747672
14714.0,14720.785960281837
7927.0,8777.902421192186
4030.0,4204.12157508235
8285.0,8347.65262025974
10844.0,10563.272715133642
9663.0,9373.959110269801
4148.0,4199.0297872362125
6496.0,6361.72699977486
4148.0,4182.475041023921
13339.0,13750.99654468759
13882.0,13853.944997643297
3943.0,3844.39234453784
11087.0,11070.47903798789
15318.0,14012.63791226249
3873.0,3816.524879444675
11573.0,9845.891152595725
4668.0,4614.617071110306
13576.0,15206.36019130726
15434.0,16508.0361486089
5403.0,5424.766395700339
16914.0,18818.1489653444
14781.0,14422.312447493596
4544.0,4392.771623272564
9416.0,9747.300694856782
8662.0,9036.234105092857
9194.0,9560.868514680194
3873.0,3910.069821721217
11465.0,10723.89905615988
8907.0,9376.793486546763
8770.0,8654.092775294299
12242.0,12133.74822106623
12192.0,12538.120422212156
8505.0,8251.463817335485
9663.0,9356.331593205796
8614.0,8836.829202914463
13292.0,13635.948083583608
7740.0,7175.470583000555
8854.0,7371.253145045508
7682.0,7178.679474718438
4804.0,4835.130540508272
4668.0,4696.761093968548
5797.0,5961.364576608347
4729.0,5332.395799522966
7888.0,11170.337022508227
5069.0,5087.202133570883
9128.0,10014.987459680757
9663.0,9583.046736279834
7952.0,7547.915950051116
10262.0,10312.366857426248
13882.0,14196.408004348448
4591.0,4383.02809283974
16172.0,14046.963490671651
4591.0,4388.614942903533
4049.0,3954.141820353785
4804.0,4777.282801095452
6673.0,10088.489792451239
11150.0,11440.17069856496
13591.0,13529.323626411904
4077.0,4188.842929972346
12927.0,11925.719045611362
16274.0,16218.52223534829
4668.0,4617.966488427277
12898.0,12719.835406051381
11678.0,12547.159993290355
5775.0,6007.132158633685
5515.0,5622.7364681928575
13555.0,14655.451686170712
14571.0,14053.873182379613
2227.0,2069.487428264126
6961.0,6520.355722391721
15704.0,14588.362963272019
8040.0,8714.449283216505
14714.0,14757.762194368801
10197.0,10692.29954997686
8372.0,8447.431807329387
6741.0,7378.889661028162
6297.0,6484.946660574182
13626.0,13870.07844630763
15129.0,15064.729981603974
6426.0,5767.76229516567
20904.0,20434.833902770937
6451.0,6076.7500074082855
12704.0,14302.947615405863
13067.0,13395.90946542674
7229.0,7233.865356241191
17057.0,17035.568542848414
8366.0,9471.39575177098
15078.0,10272.914416814345
7870.0,7394.922201371184
3603.0,3412.7846708134944
11936.0,10757.759135498793
8925.0,7494.26204628471
6934.0,6322.520197177365
6542.0,6816.946153049965
4778.0,4387.446538297297
4804.0,4898.4763652505835
14151.0,13637.89710456181
16108.0,15531.607182830343
13377.0,13287.58123724891
3919.0,3958.9980578456207
15136.0,15007.548828830691
9345.0,9006.21228141227
12327.0,9961.162645797367
12284.0,13258.311540195407
13039.0,12443.232175241023
11848.0,12962.788671695795
16079.0,16101.092651596031
4804.0,4707.034522657502
10844.0,10684.26266511392
8505.0,8094.385052882287
11774.0,13010.29727369878
5769.0,6176.38260463055
10844.0,10349.640832451567
3597.0,3559.749156357824
16497.0,16434.133845951827
14151.0,13718.451240497689
4804.0,4711.834621543332
3100.0,3107.423683626778
14714.0,14984.258752209906
8853.0,11793.855114406486
6582.0,6280.657096873707
4668.0,4633.770482577422
14571.0,14565.1584350012
13843.0,13248.880552045013
7354.0,8179.928486930369
4804.0,4831.208287493807
5277.0,5116.9041909959915
5998.0,6168.481608623266
4591.0,4183.651293416023
3597.0,3629.1610062850677
5678.0,5634.400792823061
3850.0,3795.1453549734506
2017.0,2018.8283268453254
10262.0,10336.49543903762
8603.0,8904.907360563046
14153.0,11583.614915151671
8066.0,8997.469481615095
7695.0,8601.830860239228
8488.0,8972.461507557207
4340.0,4848.770207415312
14151.0,13532.048218225478
11087.0,11718.004768867426
13759.0,14196.589971418221
16079.0,15865.98569256602
12717.0,13041.075078661004
4995.0,5040.899441968946
3873.0,3889.5621130687778
7826.0,9832.53357967798
7980.0,8408.256653079105
9486.0,8934.984386349797
10844.0,10902.848204101809
6482.0,6500.532684324512
6628.0,6703.484143303403
7452.0,7696.118941690351
13882.0,13911.689309245137
8099.0,8516.880006685946
4878.0,4929.2714390484425
5170.0,4926.621371696887
6315.0,7675.738498655003
7295.0,8209.01069667557
9794.0,10233.612612790363
8834.0,7814.79733412775
2017.0,2017.672898064754
12615.0,14208.000229124631
7240.0,6797.090016086572
8016.0,7869.083956034629
4878.0,4921.48959471338
13292.0,13323.431067444952
11707.0,8094.324015552067
6147.0,6047.712792543692
6093.0,6123.2227826754
12681.0,12719.685357783675
3311.0,3430.8585565120657
14260.0,11178.343697475137
13591.0,13428.630838574254
4804.0,4705.480609944031
13538.0,13148.17843655198
14151.0,14146.340315043339
5575.0,5563.175633873709
14178.0,14098.306573938507
7082.0,6383.32732729413
4319.0,3927.3724663792327
20747.0,20732.866355700233
13759.0,13928.020684437277
9181.0,8957.069166078325
17024.0,17519.41923370187
5298.0,5466.986011766992
13364.0,13312.12839503224
10844.0,10093.67333129111
13941.0,14298.961981480204
10919.0,10967.303429079479
12284.0,12661.852727597088
6790.0,6515.803313155173
4392.0,3921.447451284963
9653.0,9966.618392154562
2753.0,2466.5881394547596
6327.0,6203.69816386222
11125.0,9259.642436221751
10262.0,10398.423357161333
10262.0,10457.99370223798
6752.0,6918.246875110842
4423.0,4079.537563137609
3383.0,3723.8127333295706
12121.0,12492.290571247144
9021.0,7867.684071191325
8266.0,8615.075171083456
14714.0,14698.489101195268
11386.0,11815.573568338266
14815.0,16167.690706627178
13843.0,13965.901492432698
7191.0,7244.998887830969
6251.0,5818.402670893195
3815.0,3963.99322728661
3100.0,3108.1304765307636
6216.0,5907.0831095687745
13377.0,12997.16277650177
5694.0,5236.076183314393
15107.0,15417.995812514524
11260.0,12880.965732952382
9929.0,9567.016577950062
5642.0,6398.454877213959
15078.0,10479.926056275819
13377.0,13275.957072091793
16057.0,13841.719502529799
12284.0,12947.497918769972
5678.0,5331.451540088066
17703.0,16357.354895689425
4823.0,4684.183662222505
5562.0,7633.200499620715
13790.0,11873.07166908861
8586.0,8839.645791878984
11264.0,9798.901570775832
9663.0,8834.709994978431
6416.0,6391.032116455098
7725.0,8440.011737799485
13376.0,13565.088866712045
14231.0,14377.061808660077
19828.0,17685.0587041485
8040.0,7463.1728583579115
25913.0,21727.80660169964
16079.0,15926.05767648836
4937.0,6742.2511968887575
13039.0,12661.108104415445
9314.0,9142.599072095742
4957.0,5075.693792484258
14973.0,15722.151469945384
14571.0,14690.161452167473
5224.0,5145.600987511038
11622.0,11544.201332366009
3419.0,3396.0842717279816
13344.0,13558.602583172275
6316.0,6499.440009623277
4392.0,3371.4479527815665
8529.0,8797.809010657775
14300.0,14376.18929499178
7198.0,10184.362148134342
14300.0,14444.216859613549
7229.0,7360.2856569142095
3841.0,4006.8015082943225
4030.0,4769.009480586329
16079.0,16101.537852111313
2754.0,2969.951118385817
6842.0,6570.006564781744
6138.0,5745.359782857382
12576.0,12663.759882642715
13067.0,12891.52876075234
9358.0,8851.563214034024
8586.0,8746.428154281723
5176.0,5336.420358972544
7480.0,7481.556858266281
12723.0,13050.49525904621
5793.0,7019.086671614826
14848.0,14096.78192253959
10493.0,10208.668989947113
11467.0,12238.47206631154
9719.0,9295.82149800092
3873.0,3984.3339059550785
4862.0,6440.7656757954255
3971.0,4075.2707119866504
7832.0,7874.369526974682
3625.0,3883.443029841427
8610.0,9058.390860497122
14486.0,10194.557135899224
3841.0,3955.5360492965588
13941.0,14111.324114970019
4823.0,4761.114274824954
12009.0,11356.101656887866
3597.0,3590.057332467469
21226.0,18487.926589642106
10577.0,10560.18219357055
5320.0,5508.497335344214
6860.0,5761.263454584209
1759.0,2320.641048230283
12242.0,11852.44174636944
3841.0,3761.3413947358445
3502.0,4062.407805842923
10844.0,10317.677531041136
4174.0,4199.586821692772
5608.0,7087.911105966485
9376.0,11090.096242060294
13584.0,14217.926027909863
7354.0,8399.361295524528
10844.0,10349.619194420207
14388.0,14130.465218423029
14781.0,14429.110608901463
9653.0,10310.28143865031
10262.0,10345.016685654624
6674.0,6764.997232438119
7663.0,9233.439239032901
4319.0,4266.562564997362
12373.0,12281.311864392655
12242.0,12335.028474549741
16289.0,16296.03369075456
3419.0,3835.0010503313383
7851.0,7733.380254303288
12284.0,12425.063671438833
6386.0,6215.79160680043
15339.0,14024.535148345622
2017.0,2020.1197714484829
16274.0,16655.593516229743
5947.0,6489.848175212983
8040.0,7789.162716144274
8907.0,8757.799940732717
4049.0,4083.639505218854
8588.0,11006.926171897452
7229.0,7309.8095156959935
3943.0,3870.393799603568
4483.0,5045.120651192038
10151.0,10685.28329311138
3419.0,3681.0994578841924
13486.0,12899.91991243197
8610.0,9009.395499033051
3898.0,3700.0289495305387
15187.0,13089.045222396962
10278.0,9287.85901361526
6442.0,6391.145758325268
13344.0,13628.735563133843
5521.0,5317.699488070854
3597.0,3605.566985020113
11077.0,10630.129320034746
6673.0,7348.815133179901
12392.0,12325.62430440475
10366.0,11443.45970301411
10703.0,11223.973751142901
7174.0,8524.196539728911
11087.0,10951.8638545304
3383.0,4256.03872973868
14960.0,14167.669126222876
11467.0,12706.028494896844
6673.0,8591.993877282008
3100.0,3178.136187202156
16736.0,17005.470380390863
5117.0,5119.403464401152
11093.0,11938.618657020223
6354.0,7230.465907850667
5674.0,5498.672242367191
13029.0,13173.092439666347
14143.0,14536.094286080483
5740.0,4937.874043540117
7646.0,7758.477833560547
13591.0,13698.261876152146
3100.0,3097.5501599904114
5406.0,5493.435713740475
14388.0,14088.564908196538
6297.0,6497.9529258153925
7229.0,6911.521255321672
20694.0,18538.551439835537
4282.0,3774.6144600706475
13727.0,12827.83187370787
8614.0,8453.673634914703
7363.0,8977.657333876996
11281.0,10997.107232089069
4340.0,4033.684232171852
4778.0,4588.418962801564
12898.0,12675.267621815357
6442.0,6378.986366548464
14714.0,15146.187263103939
8018.0,8605.134052711723
4145.0,4136.2146010549495
4784.0,3241.6637876773857
11707.0,9046.4998335293
3815.0,3817.5780319205064
21130.0,14485.591979444527
17024.0,17436.832690518655
3873.0,3873.878651188823
14151.0,13512.388741900193
4804.0,4707.405483054467
12898.0,12932.895288048498
4284.0,3986.754333285205
7229.0,7419.466783665984
6114.0,5381.140025052777
14848.0,14135.004458299967
13611.0,13744.735079435874
8016.0,7916.5269634194365
14571.0,14847.331932766028
10675.0,12545.848851928058
6794.0,7069.878296205147
6540.0,6507.815430430364
7240.0,8919.676003091956
8839.0,10161.550402361656
3873.0,3892.7551648167932
11596.0,11393.897427792965
7199.0,7739.696464893936
12898.0,11033.506416349697
12524.0,11966.148711426464
10368.0,10522.959697027673
8040.0,7529.074507520795
5135.0,4925.670396676538
5626.0,5897.630079123823
15809.0,14509.189959309817
6412.0,6450.219712565633
18804.0,18836.084362448557
2227.0,2224.377282775877
6916.0,8583.763129131414
3100.0,2921.4534235878814
14388.0,14369.964812563221
12327.0,10258.426640946363
13014.0,13361.028508502512
5403.0,5354.846417195056
18228.0,14357.783266896673
10844.0,10825.614316551093
13843.0,14090.16118837977
11690.0,10008.560357628437
8452.0,8668.166834171621
8372.0,8511.953397560683
10262.0,10346.382280965383
5678.0,6377.384242713784
14151.0,13753.567077015805
4544.0,4707.462316275542
12692.0,12323.85757906199
17019.0,18655.960052969684
6565.0,6117.280933629052
5281.0,6884.961547884469
9646.0,8972.74984789011
3175.0,5038.344856103685
9653.0,9912.916870806668
14777.0,14335.842291829505
7155.0,7557.553625242779
3543.0,3487.2220196224775
4804.0,4899.325550882488
9304.0,8411.742492307989
3943.0,4175.669693796231
7060.0,6571.972374051649
5228.0,5488.372165915455
3597.0,3520.1871679107435
3971.0,3916.108483531936
13727.0,10693.019058708236
12121.0,11769.595926398371
10262.0,10385.348376099688
10262.0,10292.882364088191
14714.0,14711.721001742872
8834.0,7460.760901388501
9838.0,10492.665992961684
4775.0,5125.300387850071
4823.0,4891.276715022666
12723.0,13105.762096295279
5883.0,5730.443580379185
9870.0,9547.421212498863
10262.0,10323.465135303779
6513.0,7032.614033175904
15532.0,14107.302241207026
14714.0,14725.091400900586
9187.0,9310.591206186746
7038.0,7314.144552500788
13587.0,13164.367232411774
8016.0,7747.860788108515
4049.0,4270.78829438425
9536.0,8089.856545431069
14571.0,14737.07726335282
15812.0,16218.82015057299
8759.0,8646.623496761285
10151.0,10239.741911742738
4804.0,4745.778914981344
6104.0,5785.647721886458
5510.0,5581.485372225661
6027.0,6331.849578138398
4174.0,3976.9596116845432
6794.0,6827.497709289664
15428.0,15275.352826156646
14388.0,14062.210062360828
6896.0,7131.463964474852
6144.0,5963.991134638993
19225.0,21587.719761257842
13227.0,13985.202910937782
10844.0,10593.718795774688
7757.0,8772.800200651747
2754.0,2973.1500895174445
7618.0,7521.41711044377
14781.0,14802.438036752583
4284.0,4088.962026565019
7740.0,7408.7616276065655
3419.0,3862.2888941219403
13941.0,13919.668201027094
12723.0,12562.71696438793
14300.0,14230.275250349943
6121.0,5723.425970080436
17549.0,16844.727688458883
1759.0,1895.6842448667642
4423.0,4248.767380299265
4544.0,4661.760581520033
12402.0,13025.95910203188
9663.0,9513.163749146968
12681.0,12545.661793624826
5117.0,5578.423369611578
12898.0,12789.225865503739
13941.0,13651.790526357856
4030.0,4302.699780342856
17501.0,11065.662444766596
8529.0,8712.895798116482
8073.0,10384.306766661119
11942.0,12264.601873301082
11702.0,12394.647886035538
6442.0,6772.452938274355
4804.0,4789.138263602037
4823.0,4784.104127548014
10877.0,11672.938875243664
10151.0,10033.4659940476
5201.0,5218.1691856628995
13067.0,13395.336120164957
2754.0,3201.796699425343
8366.0,8647.219667566522
10844.0,10867.471863119756
4878.0,5068.0112330321745
13292.0,13708.038662918649
4804.0,4875.755356550172
5201.0,5809.768310152323
10368.0,10813.135632958205
8820.0,8975.30121152898
4160.0,3824.956541602597
8891.0,8599.959831728685
10539.0,10427.36319876036
3971.0,3914.06566184763
6093.0,6064.197775146244
8266.0,8649.705533753495
7480.0,7908.148586123261
10262.0,10376.229835995378
8907.0,8038.428955875961
11789.0,11458.132059919124
15135.0,16945.254410263886
7887.0,8594.73187308176
6818.0,6758.38214967751
6482.0,5625.556212611768
7888.0,11878.146066818996
13759.0,13876.61814427949
10262.0,10463.518838652553
10197.0,10996.950672868028
7997.0,8456.721788834871
5117.0,4742.460705038844
12373.0,11931.181792946776
6795.0,7226.322732320625
7229.0,6782.774642419244
2575.0,2559.0022661069333
7662.0,7762.218792508922
8366.0,8820.846585156349
10844.0,10940.608340250443
3540.0,3535.9286785066365
16863.0,16900.408002314838
6121.0,5618.720513558627
8434.0,8488.301836317934
14151.0,13945.450982924149
14441.0,15230.569350285145
3898.0,3786.4530007035137
9483.0,10147.612405366293
4282.0,4846.725967906847
6478.0,6010.79808518554
16809.0,19968.734588530875
16704.0,15353.110111788272
3898.0,3561.5236268810486
11297.0,12564.73577952253
5224.0,5056.294512075039
4823.0,4849.11148179349
14871.0,14320.003389848245
7480.0,7501.437988649536
5224.0,4930.9036657828165
6093.0,5931.972374161827
2754.0,2944.9929563878704
2227.0,2319.138581595778
14781.0,14865.080465186607
3898.0,4207.885643986515
9397.0,9198.80978352361
8452.0,8297.379628267143
4591.0,4149.159223740577
5930.0,6513.27063796548
10991.0,11889.715770177541
4622.0,5173.109840320763
14714.0,14858.659727852546
4823.0,4674.59394758629
2228.0,2330.730749128183
10703.0,10458.39998430066
5613.0,5200.733457986793
13759.0,13850.342872311217
3943.0,3984.48817969056
4944.0,4519.677855416698
10262.0,10468.244321920307
8479.0,8605.82556907366
7514.0,6812.3735785518475
6934.0,5953.264240054845
9663.0,10208.23637796734
8085.0,8029.074935769625
7266.0,7343.131976637389
6493.0,6553.299015523519
14714.0,15307.317586178926
7485.0,7875.924491353805
10262.0,10453.940219193475
4878.0,5659.955113353375
7198.0,6976.949704263198
17261.0,17120.984629999795
13044.0,13283.322394523555
10262.0,10335.530931930696
8614.0,8217.896246436496
12032.0,11699.029334176475
12284.0,12683.459468361372
3419.0,3732.0753359010205
6528.0,6306.706176570166
5403.0,5549.2482718297715
9732.0,12564.120938330974
5761.0,5672.541675662103
12009.0,13189.568663201824
8586.0,9072.91663041472
6144.0,4824.001196611202
3257.0,3364.3139693047774
9021.0,10106.584478375362
10262.0,10410.586244076612
13757.0,13198.604040010883
5895.0,5878.640708962853
9663.0,9116.436980246432
6587.0,7410.323848922331
3311.0,3575.8751934037846
6297.0,6005.16509385942
10844.0,10294.35965714424
4049.0,4341.67397590773
6961.0,6516.366191049196
3384.0,3452.2313636201357
3859.0,3546.036541223719
11732.0,11796.362366384776
12524.0,11229.694340323955
12284.0,13249.483300234475
10262.0,10680.455793927296
13344.0,12930.05903669821
7229.0,7333.730414265711
14960.0,14135.616721463306
13381.0,13427.038537195696
15147.0,16010.479382576497
8586.0,8777.002352681704
7054.0,6844.494489148738
4082.0,3965.1997448916504
13029.0,12926.737528291904
7064.0,8043.768921446673
4943.0,5013.380534922506
7229.0,7294.586332018018
8450.0,7677.981632748145
15318.0,15192.932170154707
4804.0,4701.0612536333265
10844.0,10612.164408770766
3175.0,3058.005040943891
12646.0,12583.078307890464
7893.0,7925.765009738072
7171.0,6466.529008216996
13727.0,13404.910057988991
5201.0,5508.01474936931
9001.0,8462.715780449626
3943.0,4190.122449779808
10546.0,10344.733506064807
15554.0,15675.273054663518
5228.0,5726.046781334521
9404.0,8920.285689758035
8601.0,10643.921843806304
8888.0,9120.03896010485
5088.0,8496.186320786188
3943.0,4039.2112746202524
12373.0,12110.600111147507
8323.0,9389.228156762176
15339.0,13555.794470170149
11982.0,11565.03025933899
8844.0,8660.068587718879
10262.0,10421.205973288274
3597.0,3548.9249608611967
5678.0,5789.31662993403
5277.0,5058.000764897456
4823.0,4712.448454453856
8049.0,9635.29908972339
3543.0,3482.48895776747
10262.0,10458.24755967819
10703.0,11339.069708891433
6496.0,6412.173813495271
10844.0,10826.81253104652
12032.0,12860.09713063876
6741.0,6515.3080295684385
3943.0,3898.0065928642834
3841.0,3786.60480705436
15288.0,16508.986512150914
2050.0,2289.0959320259176
4842.0,4277.60145146316
6643.0,8154.898372010078
9581.0,9235.151061049597
4804.0,4713.568203636595
7832.0,7596.562008350542
11667.0,10958.97688513646
6442.0,6347.700621907928
15129.0,16307.399701195181
4544.0,4369.334711402898
9663.0,10164.614466754432
14714.0,14772.855195721837
3100.0,3192.4866280867445
9663.0,9549.084137751754
5761.0,5728.5046296910305
3100.0,3055.6784995884723
13626.0,13422.422614666988
5678.0,5463.552687418394
8529.0,8898.135864179225
5201.0,5593.077506449507
14151.0,13559.495890691245
4483.0,3953.9574265969804
4174.0,4168.002739647428
15544.0,14866.366785049899
5601.0,6001.870556162309
3419.0,3689.7147694865325
6451.0,6568.419341564831
12592.0,12848.019582301265
6961.0,5430.687775082495
4174.0,3900.946140905707
8824.0,9748.082390825477
7947.0,6218.946257640718
13587.0,12266.870266185118
3841.0,3818.983220912984
4804.0,4745.457355077862
8586.0,9157.896922789567
4778.0,5843.7933391753495
18275.0,16831.155626743555
3540.0,3618.821522193971
6442.0,6452.893152881881
4145.0,4102.157670986259
5644.0,5224.258152760707
5224.0,4982.275442360434
5963.0,6267.0945647491535
11264.0,10719.036340536122
10188.0,7543.167970441447
10844.0,9815.660270800852
7166.0,7276.031252889345
13817.0,13542.602992393327
12373.0,12353.062946369284
25735.0,28283.677121258646
14815.0,13944.38691158649
10262.0,10333.569347510207
10262.0,10516.28667347154
7468.0,8501.857341408899
8040.0,7795.98401942993
12819.0,13252.035176570496
7295.0,6908.668340396542
7229.0,7343.448316635034
6853.0,7090.682903809457
9663.0,10076.63573433127
7064.0,7685.6788332244505
8372.0,8883.619781602778
1965.0,1995.63839407357
16932.0,12755.991163830442
3841.0,3813.931711284801
15812.0,16145.702442968939
10924.0,11985.483636367257
6934.0,6182.29342738391
10262.0,11143.205638607818
13843.0,13909.493784041462
9315.0,9871.372728025828
8266.0,9018.033411482716
14231.0,14372.140038615978
5048.0,4867.098894769422
10262.0,10412.826788863598
12537.0,7981.647415855057
10262.0,10247.387809997119
8040.0,7917.589481338175
9736.0,9355.450576953173
4804.0,4755.406529824787
13817.0,13921.208212074573
5048.0,3688.8647466786338
8040.0,7577.894150640984
7354.0,8189.086212035107
7563.0,8934.83627762342
7725.0,11959.127106598491
7740.0,8164.755167449156
13532.0,12861.666837413846
6565.0,6170.332686371184
10844.0,10507.782903222822
3841.0,3928.1592937265214
11200.0,11210.90190307801
12009.0,10111.597422316316
8372.0,8664.18763754162
13591.0,13986.610237817997
12395.0,12816.032381577425
7298.0,8477.79160871997
12214.0,10386.58396122755
14151.0,13341.293662018605
14781.0,14926.839476307377
4878.0,4819.216096637421
3597.0,3661.9054749836423
6810.0,6201.017733004777
3687.0,3837.63914711143
6482.0,6192.976076211853
19595.0,19226.334675119713
6147.0,6325.556617539201
10953.0,12576.12692180222
3873.0,3883.869124933639
14815.0,16341.64955403103
10678.0,10720.992976825532
14053.0,12988.574238820773
10539.0,10838.66979725452
16946.0,14407.034670436207
7673.0,8744.48709202449
4441.0,6409.191098624293
4544.0,4424.2127435651355
4804.0,4594.365196061233
5406.0,5553.53423013465
3100.0,2790.7361078388144
4823.0,4871.143915635397
1965.0,2141.4837111653846
10262.0,10297.788285959772
6674.0,6655.739925356108
15764.0,16526.496500606645
7064.0,7153.741683093782
10262.0,10397.716321695014
5069.0,5192.83338579778
11789.0,11289.69564436139
15164.0,14803.521720919995
6094.0,6463.699419274407
4885.0,4681.685028186689
3383.0,3416.424280831315
6673.0,7506.131801051918
4544.0,5029.918765112344
8367.0,8719.62137132519
3898.0,3722.8520752051727
10844.0,10912.878972782852
12327.0,10831.11997304803
6356.0,5619.270738262043
5228.0,5528.002202240603
10835.0,11636.839999385043
3943.0,3955.986292965364
14714.0,14809.942250744629
11883.0,12065.133273033953
8610.0,8151.915046912625
6513.0,7541.477596085491
12898.0,12679.988826381068
10861.0,10876.561163487291
4049.0,2834.283909374474
13555.0,15257.383556692845
16079.0,16279.145167514229
7673.0,7046.8090748598215
10161.0,10163.78570965696
10262.0,10918.79324233626
3873.0,3907.767608855814
3311.0,3478.7510750771494
13611.0,12612.206897433029
11858.0,14370.74964860469
9316.0,8583.9091259043
4823.0,4736.012287490594
13941.0,14134.706216320355
3873.0,3850.1420269411633
4591.0,4598.979002719886
12395.0,12518.154494557997
3603.0,2757.2668665143033
4804.0,4798.570175556829
4823.0,4722.297097209254
13244.0,12801.416965337134
6785.0,6961.28966550292
3100.0,3165.0166166289387
7198.0,7260.016510668634
13014.0,13407.711835208558
20416.0,14131.664957457804
11528.0,12551.537157870198
14083.0,13513.665006873542
3597.0,3607.695971912844
7662.0,8322.49319897768
4823.0,4744.377879093044
10703.0,10786.0523332587
8040.0,7900.939167691738
4668.0,4625.553356186813
6304.0,6662.118282770168
14219.0,14745.351038473082
3841.0,3915.2270130969478
13587.0,8238.769986370226
12093.0,12292.873545876831
5899.0,5642.647819541398
3100.0,3092.0224044757747
5438.0,5984.253549139232
5780.0,5021.6749206924715
11668.0,11783.602601615916
11934.0,11615.867660453006
16263.0,15544.288587081579
14871.0,14926.85697929077
3573.0,3768.129716074665
12497.0,13229.551506475038
5411.0,5574.804173583296
6600.0,6586.523684587365
11160.0,10929.189033271618
22950.0,22638.93695801386
4649.0,4956.42736258327
15129.0,15051.233506375807
8626.0,5839.952011821413
17234.0,16174.074123808978
7832.0,7893.894180445995
3100.0,3024.781613225922
9314.0,9138.003936704547
14714.0,16007.903929130163
13882.0,14086.880399733835
16274.0,16369.288247340335
15135.0,16506.255462136916
6144.0,5146.851015215275
9483.0,11017.044565317057
14431.0,14285.537144986522
6093.0,5898.639050726179
7888.0,9937.57500836248
7503.0,7364.549757669178
6117.0,5847.104846630724
17024.0,17529.3311771693
12681.0,12546.439071751924
10678.0,10680.934575833455
13759.0,13945.47301051248
2017.0,2017.7496191978935
4885.0,3986.4149923138816
10786.0,9168.539533118581
12080.0,11193.040089429453
4804.0,4979.232970392631
6587.0,6750.806251507426
8728.0,8600.490291711185
7452.0,7709.508187751917
4823.0,4771.072884298723
8310.0,8615.17513108395
5403.0,5195.075704473436
10877.0,10909.335283049973
14815.0,16219.646539062642
6558.0,6435.859235063591
14067.0,9794.292341412021
9627.0,10209.900828322863
14714.0,14791.589787334873
5000.0,5580.67636294463
9845.0,9559.12946146662
10844.0,10730.67709071069
7048.0,7284.850642833814
12692.0,12428.89986410181
13843.0,13584.837811614332
7832.0,7611.605388624635
4049.0,3990.5178640644676
12242.0,12219.726585113865
10262.0,10252.86105018352
14571.0,14536.607837520294
4174.0,4028.3957457172496
11264.0,10530.973273752918
4174.0,4377.662723916716
3540.0,3548.3160484392606
9345.0,9368.720066365659
9653.0,10132.565781614463
3342.0,3607.2111244721445
8073.0,9319.017237926815
7064.0,7207.084935206022
13376.0,13583.404383929932
15135.0,15493.143827113203
10413.0,10925.020275298715
9187.0,8688.596720862339
13292.0,13793.434877835049
6674.0,6851.034437841851
8330.0,8119.05563531582
11200.0,11125.759661693983
10262.0,10425.088541623174
6216.0,6217.050246561774
10844.0,10873.492601752305
11134.0,10799.067750506827
5277.0,5135.071297983725
14300.0,14379.661511773376
17471.0,17453.663289514752
10844.0,10433.905416152169
5469.0,5354.278287689374
10262.0,10444.351253492805
7185.0,7666.347990067052
3807.0,3920.4761215524095
14714.0,14651.445252614247
8610.0,8627.082703625294
17234.0,17355.802323755823
15629.0,15886.929036389005
6128.0,6553.603418306002
16289.0,16290.144277780839
15129.0,14853.628623091732
7832.0,7758.599096801038
22270.0,26471.920273777494
11467.0,12099.87879008496
4392.0,2870.493631106344
4491.0,4000.8567266211744
9663.0,9975.788534836669
5883.0,6007.2805255018775
14777.0,16157.657862822727
5162.0,5705.721719485381
4804.0,4724.454291779504
8529.0,8766.576873070318
10844.0,10776.936670431085
3873.0,3892.8166053016944
4804.0,4667.9000040038845
5678.0,5696.731586233667
12681.0,12994.032418451725
9623.0,10607.932906944801
15147.0,16782.169468365406
9345.0,9328.757699801301
7757.0,8891.136222950168
10844.0,9888.15691007911
11948.0,12286.671489806504
13376.0,13678.780919068655
6117.0,6159.426972334836
6171.0,6913.677783518182
13626.0,13850.7996668712
17471.0,17176.208201097077
7531.0,8534.15457168494
12373.0,12323.147610148275
16289.0,16542.672807698575
4777.0,5551.232927835529
5198.0,4918.842972448836
10844.0,10832.992450428801
7171.0,6622.989606484038
11942.0,11863.463608330796
4423.0,4509.645460880966
5586.0,6467.8521070886945
11134.0,10938.006241901883
4284.0,3858.1024658677516
6245.0,5742.817813587455
10341.0,9241.913127920607
6860.0,6482.294981597822
2050.0,2441.1960732938346
5797.0,6209.3604164722865
7648.0,6988.371567346147
8851.0,6598.45905634652
13007.0,12994.37232174778
13067.0,13371.016472000707
4049.0,4874.95633374923
12692.0,12256.15357932383
4667.0,4609.135367925641
8938.0,8885.42849795674
10208.0,8974.247548928299
7354.0,7962.514357966783
5438.0,6139.275409107823
4107.0,3952.7928284532654
11134.0,10599.677008221552
10262.0,10296.434020402172
14083.0,14134.837922980361
9345.0,8990.032700223985
12373.0,12218.365262961954
10196.0,7812.624027681251
5947.0,5751.768876377591
13044.0,13058.905548036477
9663.0,9528.539909057887
27992.0,28020.41850099525
7476.0,6096.556583920089
10413.0,10577.339604718763
10261.0,9414.252811260774
14151.0,14073.866636587245
5176.0,4863.364256995969
14714.0,14661.10192583864
9314.0,9513.601571414025
14714.0,15435.322079148687
12192.0,12126.036114113067
1759.0,1965.8597373344373
4744.0,5395.03457263409
7229.0,7227.533498512859
15029.0,15421.204568229308
4462.0,4333.735299390461
6300.0,6007.855794355507
2575.0,2486.113958564018
11087.0,11157.580526846068
6305.0,7885.937306519179
8290.0,8396.796639573904
5769.0,5763.546129259395
4990.0,4976.754592233442
6135.0,6446.747921515755
5733.0,5770.5592411664775
7670.0,7664.91142069784
12819.0,13961.02920392729
4823.0,4808.719179646884
6979.0,7027.483539395715
10493.0,11344.627884033009
16111.0,15987.94541165877
10651.0,10667.317078587366
6600.0,6888.23973653156
10919.0,10919.355894781018
5198.0,4441.141243125117
12778.0,13605.051652677319
2754.0,2596.0858418015673
7255.0,5858.360692120195
14486.0,11833.213556431052
6591.0,6356.900223880701
3573.0,3562.7924101785056
10262.0,10377.071074334137
14388.0,14341.083051910397
14714.0,14706.893919131804
10368.0,10538.636556560625
3384.0,3521.3063781973265
7742.0,7471.5971114746635
6386.0,6344.354341370604
7229.0,6497.930821787257
8891.0,8771.409799382747
13587.0,9925.88408636462
8227.0,7859.586563934309
12125.0,11030.661630558092
3873.0,3892.2041749511077
13377.0,12785.218910599568
10953.0,12640.513940998626
4622.0,4368.835856468622
14231.0,14436.732146659882
10262.0,10349.56276304925
3943.0,4136.570030492828
8610.0,8946.087916494133
6717.0,6521.803837278792
10877.0,11325.92013778791
4775.0,4883.797359669178
14571.0,14923.190475361682
6205.0,4390.511178910307
14151.0,13964.279938416414
6637.0,7558.398922252718
12074.0,11763.56046145775
4804.0,4869.254746995993
7252.0,6612.026317718958
6069.0,5429.309550300409
15554.0,15601.477298344891
3850.0,3769.5503688283716
12940.0,12434.836154069157
8844.0,9538.917052742045
15190.0,10601.203088050715
9134.0,9121.12860628854
11822.0,11731.878077961159
15078.0,14183.406927575623
11005.0,8809.843020814786
7006.0,8377.815684357853
4259.0,5463.687738852089
11762.0,12585.546492494572
8147.0,8836.48033980711
3841.0,3770.093617664871
4174.0,4206.104745953366
12898.0,12467.369762282686
5583.0,6648.902440467514
10262.0,10320.187562704608
7229.0,7306.21669366642
4668.0,4627.307893621141
4990.0,5070.395044872214
6985.0,5974.2541810324155
4823.0,4755.300896388906
9345.0,9496.217747143219
10844.0,10433.896992715801
14657.0,15042.420014906862
6818.0,6917.748147061576
11543.0,11528.988818477903
2175.0,2151.42559912565
10844.0,10627.105366271193
8040.0,7937.183373894055
14571.0,14605.577149333822
14571.0,14309.567424554281
12898.0,12823.987373666188
14848.0,14285.13117043248
8283.0,7861.585523401663
7229.0,7152.698649827696
8405.0,7917.239442810041
19266.0,18473.181552522674
11038.0,10813.547689266496
8016.0,7834.726185740648
3384.0,3504.0848781249747
6573.0,6973.335176238744
15129.0,15040.882177183175
3943.0,3912.2892841068947
7832.0,8941.145017294497
6860.0,6206.4595575335825
4823.0,4822.592768144762
5228.0,5942.805723344284
13364.0,13632.764367548412
13555.0,13299.259052417809
5277.0,6691.202801560633
13243.0,13126.62687010636
9794.0,9984.051435306908
8016.0,7819.396768488571
13377.0,12848.273669397624
12692.0,13153.640367466662
10697.0,10900.887903985367
3384.0,3430.1944815833176
6734.0,6504.01677202442
10844.0,10514.981111855137
5228.0,5708.742081017103
8891.0,8785.52202048157
3384.0,3764.8835655081466
17057.0,16500.737685450636
3480.0,3543.611571763041
4423.0,4264.755931158484
14178.0,13775.134949982008
4760.0,4820.0918467169
14151.0,11250.566759267167
12681.0,12611.18668005945
4886.0,4962.869911437096
3807.0,4065.5874247142656
4804.0,4819.701443591631
5694.0,5328.217435709363
10197.0,11058.94762617432
4077.0,4196.645239589437
14781.0,14964.22095155455
5224.0,5047.869755104335
4804.0,4494.905316290152
8586.0,9089.864477373938
7662.0,7579.845209449497
18550.0,17767.792663187418
8610.0,8371.557386894077
7229.0,7229.831482123583
12009.0,13334.911378760738
14151.0,14056.20753089565
4729.0,5108.4817572502825
7931.0,7630.7411036593485
12898.0,12872.727454265187
16289.0,16010.078956568523
13292.0,13464.235696845415
7618.0,10413.889037518298
13377.0,12985.699448596775
5192.0,5254.759364525521
7268.0,7919.430607015182
12384.0,10460.385164721814
5694.0,5686.363204086443
16338.0,14224.366247667222
7198.0,11064.074662928742
6540.0,7098.607425708655
3210.0,3079.2927512836977
3873.0,3857.257155531758
4483.0,4132.0325326250295
6752.0,7402.883130760304
4823.0,5249.204085953385
10203.0,9854.631041974302
3873.0,4020.368025493117
2017.0,2237.653869000107
8586.0,8114.714039848538
31825.0,31472.04160679283
10262.0,10575.783787244769
6593.0,5728.2969797954065
3971.0,3638.066052930489
16289.0,16535.214730759926
9314.0,9041.790030116694
4030.0,4196.86186774831
13587.0,12730.80070034269
9314.0,9166.321448168794
6253.0,6912.3484556413
5192.0,5049.676794600001
16372.0,15196.944936186348
5403.0,5143.017003529258
11200.0,10937.017734860437
3858.0,3856.850834548156
4174.0,4176.241403933871
5411.0,6439.995177125498
3175.0,3257.363741426834
3858.0,3616.670292987716
13941.0,14071.596986595816
12182.0,12259.870532887828
4990.0,4931.930693947005
10539.0,10724.69028926714
6860.0,6888.072995618003
8001.0,8197.502217910152
10262.0,10336.927613056032
8085.0,8709.533798360852
3419.0,3546.135107380631
6565.0,7075.11691471147
9254.0,8732.184743127482
6857.0,6387.8886926328205
12140.0,13416.33741105922
3841.0,3866.4803325617722
14781.0,14619.556828973004
8372.0,8971.622076930258
8607.0,10350.555935709099
13587.0,11126.32226982534
15554.0,15715.70344192286
10844.0,10879.186434955951
4392.0,3031.0956888583396
6961.0,6507.188436108217
8907.0,9069.68639758935
6442.0,6492.633348751051
8586.0,10455.66618309517
13486.0,13000.250992882444
3100.0,3209.0049159349505
15812.0,16237.762611842869
5201.0,5548.989168212703
9413.0,8731.153620739213
13591.0,13331.254903113184
5678.0,5656.91232460838
6781.0,7388.152351788743
7832.0,7836.329396169768
14053.0,13446.416214629306
10703.0,9496.594047593058
13727.0,13214.398349916588
7408.0,9286.394457768196
20800.0,22984.1415794948
11911.0,12981.882478753765
5403.0,5325.011953118527
13469.0,11978.467935910347
11270.0,11373.109439925782
6152.0,6723.938049853154
12452.0,12149.513153176122
10844.0,10531.579072990795
8216.0,6867.692358107918
13626.0,13596.071010514434
7084.0,8337.399896635216
7575.0,7583.88161015252
6781.0,7203.390754491036
6478.0,6423.016080286961
2385.0,2690.119055012358
9385.0,10405.276484717888
5048.0,5405.756577994026
5058.0,5268.2299994247005
11269.0,11128.584955331487
7363.0,7627.699807661968
15764.0,16573.076205010064
10262.0,10311.416646497779
10919.0,11197.915811750303
10262.0,10304.953244222912
11883.0,11906.523591000087
3847.0,3833.642209552624
5678.0,5582.040472026123
8662.0,8979.82157435609
12898.0,12678.11549823277
4423.0,4057.145648819248
8991.0,7787.91213384597
5409.0,5592.35308866775
6442.0,6521.183724537909
9941.0,10582.195031436282
6494.0,6321.5235949924745
7198.0,7600.789693164127
7110.0,5415.184454136434
11087.0,10970.603419665
4804.0,4710.870399669158
4823.0,4821.627676167524
14151.0,13984.530984592007
10791.0,9697.679677044134
7980.0,8171.462263196554
6587.0,6696.273481704583
3687.0,3727.948751786318
13307.0,12695.292085898453
2050.0,2546.872325776205
10197.0,10485.333068991988
4668.0,4830.24637667593
4990.0,4076.333404532231
4049.0,4198.51936310843
7933.0,11492.517911196956
4049.0,4257.824074494258
6645.0,6692.578259729153
8040.0,8052.458214098203
8098.0,10443.82352671025
10262.0,10579.985232771132
12284.0,14140.61087865742
10262.0,10351.763768032908
4990.0,5147.6920005063575
12568.0,12431.074858071866
11841.0,10401.431430995342
18371.0,16328.074464011193
23267.0,11026.995679759522
13067.0,12422.641303648394
5277.0,5142.481044188536
13879.0,12938.66746687988
4174.0,4250.158502388739
10178.0,10406.663303950323
13882.0,13874.023226321335
4878.0,4915.270612980871
4668.0,4695.681096769419
10844.0,10838.123481892206
7005.0,7475.275903808327
12898.0,12314.33482750278
9929.0,8903.210253590702
14714.0,14822.659812582346
6094.0,6152.890113340562
16736.0,17208.900270934726
7229.0,7104.825940477078
8882.0,9900.996660467486
10197.0,10720.349022356342
4804.0,4847.0453977350435
13628.0,13019.790346748743
6216.0,6189.824612888607
7480.0,7765.867977335266
11936.0,11011.063417999778
3859.0,3801.1106356426944
8586.0,9536.294257866992
21730.0,17201.855092484708
6628.0,6469.326098635396
10151.0,10752.916555142016
11467.0,12293.536122489115
7010.0,6450.983157205839
7229.0,7278.100218874212
8033.0,7181.746178497828
7229.0,7344.803698468069
6911.0,6671.928551954798
14300.0,14362.3432599373
13033.0,13100.180554622906
3943.0,3968.040495566103
6205.0,6826.447322357068
14871.0,13703.272750813187
5678.0,5607.471155463302
16108.0,14811.070716131637
17261.0,17426.92849552582
3311.0,3640.2484942105484
4174.0,4484.836952351035
4823.0,4946.3890786862585
8425.0,9162.57149479968
7229.0,7153.6687765749375
5281.0,5706.341724684905
17549.0,16044.525809579767
13797.0,11316.616068502033
4823.0,5192.721795431132
7258.0,8349.725867121295
18192.0,16366.843590870723
13899.0,15036.156230704632
10844.0,10501.615248987606
14151.0,13810.958467344446
15147.0,15589.384887835546
3898.0,4103.11940524733
6818.0,6594.772052281832
14781.0,14715.122474946716
5192.0,5481.795336404228
14441.0,15155.377328992014
14151.0,13502.525645643142
4226.0,5244.150035623531
13381.0,13760.232486144921
10678.0,10863.65608897021
12242.0,11869.63980643727
4995.0,4265.138168881363
10262.0,10595.501213829526
3841.0,3844.3221018279396
9663.0,9138.748341129327
5224.0,4782.745476154139
14533.0,13561.54364407925
2017.0,2010.0448078679685
5769.0,6075.321325751029
11622.0,11322.715328964008
4823.0,4802.475387841466
7832.0,7767.067017671637
9001.0,8430.960284129289
2754.0,3111.6577159689173
7229.0,7289.010651352343
6937.0,8853.688009164578
13033.0,13444.977030148251
3625.0,3861.323335146985
13292.0,13270.623175623
12778.0,13227.824259361185
3841.0,3938.8827056759033
2227.0,2281.406326420338
6171.0,6438.242423808532
10676.0,10273.202908371703
13014.0,13233.927070808482
2754.0,3056.687712446138
8367.0,8790.013345709805
5177.0,5068.2866417048435
4174.0,4045.3447857919923
9794.0,9797.519803881218
10486.0,9733.173211828713
15058.0,13700.560949908979
4804.0,4610.25583423837
17024.0,17194.572721997567
8855.0,8616.194711802644
8372.0,8472.031629500236
4050.0,3807.2973066271115
7229.0,7229.654787988242
2385.0,2304.7427874619093
3898.0,3494.7608037432956
6860.0,6330.190477764786
6749.0,5709.46241437099
15107.0,15267.622727128188
10368.0,10420.973265117167
7832.0,7817.602994854214
2385.0,1974.9123687301296
4804.0,4945.658828867257
8236.0,8611.71843470961
6416.0,7046.328258885711
10262.0,10407.200616282955
14714.0,14749.727892001583
7646.0,8207.12776066968
7480.0,7727.048118005062
11982.0,11481.596936631691
8309.0,8247.67154199397
13344.0,13363.14108573541
4227.0,4535.71896311508
9706.0,9026.751766557014
2017.0,2161.547919982412
6442.0,6405.172243075687
8016.0,8096.540617936212
5298.0,5119.025198955265
4878.0,4815.507074545184
10262.0,10366.803791652494
4176.0,4784.307339752029
5883.0,5897.620238225003
12717.0,12511.258486568706
3850.0,3840.0576837411863
3597.0,3611.292389197356
2175.0,2088.409354752095
7080.0,5098.3121040574115
8849.0,7540.7628578713775
9899.0,9707.648667259005
4878.0,4757.365969653821
7787.0,8249.624409285414
3597.0,3679.3035766598996
5281.0,5233.897887073009
9345.0,9018.488191519553
6442.0,6303.903410222924
6838.0,6682.353923572729
3597.0,3575.4687706327254
3173.0,2335.502691796826
13377.0,12862.056503513062
9314.0,8981.99841788914
9856.0,8740.826419628185
8372.0,8815.554973263264
7064.0,7090.705414008987
4804.0,4677.26262026167
13029.0,12928.623434564208
7640.0,6900.134588109002
22270.0,25601.04036939702
4441.0,4817.567589423505
12898.0,12819.474273686208
7064.0,6967.371319645527
10844.0,10982.676352211078
4174.0,4006.772443870531
8529.0,8782.363001031841
3625.0,3622.34640920663
3419.0,3571.878040263658
3850.0,3576.927017682929
12802.0,13311.281740236933
9748.0,8848.466890942234
6104.0,6233.382338382921
3943.0,3998.0103743653913
7514.0,6844.408700055638
18308.0,9670.294698540856
17327.0,17084.733951686754
8892.0,9125.588895095247
9794.0,10048.785216959752
4423.0,4007.351070047433
10844.0,10684.234762250619
15554.0,15750.059759640048
11982.0,11149.021327312052
4049.0,4014.7523145697096
5618.0,7304.734704006966
13591.0,13294.395989414377
9508.0,10517.199505620116
3543.0,3557.5505712456156
7229.0,7324.87084183406
4668.0,4752.2143830788
14388.0,14295.647010305545
10844.0,10468.521116930417
7690.0,7614.125025137818
13067.0,13117.047840995432
1965.0,1955.3830856323716
16289.0,16464.593695724612
10203.0,10195.641957377416
15149.0,15061.50297442241
9345.0,9148.187655429989
2017.0,2347.58008652749
9345.0,8551.584357767024
6528.0,6237.959367145493
15603.0,15775.44860252117
5583.0,5632.1433861775295
10577.0,10381.642086478229
10651.0,9713.262148658217
7594.0,7147.421390221923
6857.0,5916.567289146205
4423.0,4473.027658807342
13344.0,13282.788633120988
3971.0,4287.352777399102
18371.0,15988.85742333929
6643.0,8218.769812185392
15077.0,17270.61495773648
6121.0,6027.938865816148
5755.0,6198.741371665193
4487.0,5344.136586638097
5158.0,5046.824514285361
8586.0,9203.656266315556
3100.0,3321.1347341428805
3210.0,3451.1461337940914
12373.0,12111.155220683546
15135.0,15596.248319481136
13292.0,13852.80419618237
2017.0,2029.8811443125796
12395.0,12353.15393675606
3543.0,3520.621591632977
2228.0,2620.4168972340585
11410.0,10833.979570661082
3514.0,3636.2252191772986
13469.0,11940.847796066488
3943.0,4065.3684714810497
7608.0,8064.0944413797015
6961.0,6494.354224157056
12042.0,11728.526353886804
62427.0,53063.59803375385
9586.0,10022.60464681254
3543.0,3477.0469141594913
13882.0,14044.959547773598
8781.0,8590.939075152146
5192.0,5623.06956359789
6442.0,6282.152975720544
15554.0,15089.514993019258
10844.0,10763.725217784546
2754.0,2849.3983936884733
14067.0,13602.098807289909
5140.0,5230.585487819021
8330.0,7670.9047811952505
5678.0,7293.573879311107
11087.0,11184.482153763447
18558.0,13462.654237025263
16000.0,10059.337984533346
3573.0,3651.957594242441
7670.0,8912.148478985158
4878.0,4862.500236566817
11507.0,11007.283921780669
8759.0,8547.468702949867
10262.0,10203.397078517708
10975.0,10916.014753151381
10262.0,10353.534320629273
6007.0,5985.525100093939
3858.0,3680.0104126102497
6412.0,6589.998471239652
6245.0,6591.219923216775
9968.0,10358.111130467154
18260.0,16583.208508009546
8855.0,7962.096536491281
10844.0,10744.04429545474
3597.0,3557.102846433179
13067.0,12847.743412429345
13817.0,13979.402667151015
11602.0,11595.054115908875
13941.0,13679.222244743978
14151.0,13626.192523255222
3943.0,3912.35238080606
10844.0,10392.70484220707
2753.0,2488.8733829356743
14714.0,15475.709284930792
9646.0,8726.82558484621
15554.0,16107.11571343003
13261.0,10183.004708053668
11087.0,10806.447393620481
11507.0,11288.65920062978
9424.0,8440.063040603125
4937.0,5279.859390720965
3257.0,3544.443472441427
4823.0,4783.112432989456
5277.0,5310.159018260624
3873.0,3911.6421621891654
10844.0,9032.34911216193
7198.0,7753.678648625048
6094.0,5852.319835946074
3943.0,4287.849315318444
3943.0,3914.7783570710258
12681.0,12684.939807135705
5613.0,5630.626852277793
3873.0,3983.9452668452477
12898.0,12799.32723361866
15129.0,15030.180440616576
3911.0,3563.390895546872
6015.0,5664.037897266406
54826.0,29644.21348925888
5073.0,5798.519117858341
4326.0,3684.585764431027
8040.0,7878.670440494161
7229.0,7178.677025009121
3943.0,4085.8301674339405
14195.0,12216.234076889239
13292.0,13420.079718283074
4174.0,4281.599353700566
16736.0,17092.563062724927
5198.0,4825.00259477739
15058.0,14077.087375261654
5073.0,4979.725811037615
10197.0,10624.701087615473
3543.0,3468.2667163634774
7229.0,6887.788584302162
10966.0,9851.715101482254
11134.0,10816.452953090246
3807.0,3873.916353001763
5228.0,5701.226824400827
3597.0,3599.8513260161103
4483.0,4131.45360512048
10262.0,10385.868185551488
5158.0,5430.889273831806
6010.0,6449.826367375084
13376.0,13490.917472805066
11543.0,12329.887086672323
15342.0,14709.03574619805
6309.0,6201.080009984704
5823.0,5174.576793657736
3873.0,3924.858004861949
12898.0,12780.284674821349
6979.0,7021.897993294482
13437.0,13866.643860546921
6017.0,6675.909729115081
14053.0,7282.703206839621
7295.0,7165.1682953259
13044.0,13121.85817442939
4030.0,5039.096857942938
13942.0,12154.649236318035
14781.0,14728.443431536456
3579.0,4283.920363491806
5530.0,5536.978545294022
10844.0,10382.255440200053
8372.0,8676.063647282788
16289.0,16658.56551871165
11701.0,10970.480818603286
11269.0,12330.969730610632
9385.0,10235.22036082402
14151.0,14084.701669359265
4544.0,4528.219281686409
11087.0,10983.367516854152
5224.0,4815.645300386736
4804.0,4808.917257735608
6901.0,9747.378055221516
5999.0,5820.904023623237
5403.0,5298.983023674326
13014.0,13399.808894339909
4995.0,4844.820723074067
13941.0,14014.271305379334
11507.0,11073.043717798615
12192.0,12398.068971864523
7198.0,7523.517189363485
5000.0,5069.031592574878
3841.0,3767.5297329032564
12347.0,13052.935772046401
11982.0,11984.888939744387
16736.0,16942.427806586584
4174.0,4329.775853741725
3841.0,3816.1002018953136
17024.0,17128.063419660477
3943.0,4050.423884707162
6442.0,6663.295343329612
11762.0,12030.163188961884
4174.0,4023.207263098389
4804.0,4688.981745613457
13377.0,12402.180442453557
7229.0,7088.132224587109
8855.0,6789.505239604889
7741.0,8453.987967643934
22270.0,27346.226179236302
7740.0,8040.271215935
14960.0,14571.662424601169
12032.0,12131.384522719278
5462.0,4825.098843845353
12347.0,11958.043241015286
3145.0,4337.068868603101
7832.0,7641.234540102807
4804.0,4758.6297415376075
10482.0,8034.962632236229
12373.0,12472.322974584984
10478.0,9439.059412813926
13029.0,13090.575209181718
6482.0,6587.340029587499
15554.0,15498.435720299689
11789.0,11265.787455002855
9413.0,8687.126043864995
7662.0,7644.147061444468
7888.0,7683.874863209888
5192.0,5336.565666497165
6007.0,6436.747967148019
12898.0,12774.75709061592
11885.0,12431.963256913092
14360.0,13252.8568368002
14330.0,13928.758988133875
6076.0,6610.887323555112
4622.0,5406.078456369663
14388.0,14225.298535982105
9794.0,9989.149341836004
4804.0,4850.445305829049
9663.0,9037.405632955417
5842.0,5853.409259832482
15603.0,15619.805093093364
5618.0,5430.8967777881135
6565.0,6941.3604056103
5221.0,5360.22757516092
10368.0,10800.39556344023
7480.0,7161.21184041489
13882.0,14216.082436175071
6442.0,6462.077115329266
4823.0,4662.643470853969
3873.0,4014.9647562567734
12121.0,12205.386299828164
4423.0,4456.580406650407
5510.0,5314.166320325921
7229.0,7183.067401395474
10577.0,10510.701872630189
8040.0,7596.940841564362
14714.0,14787.66628271146
7229.0,6989.484626515658
6653.0,6593.271521085956
6442.0,6558.656346182079
4804.0,4902.246954241129
9417.0,10299.610404426152
10844.0,10885.850448801497
7229.0,7289.49432772541
15400.0,14906.07690026573
6416.0,6252.071803219404
5176.0,5258.444838032696
9264.0,7696.1871914860885
13587.0,10409.600490274726
3597.0,3595.553343313296
4282.0,4051.390941546274
4995.0,4987.350761938128
4804.0,4797.779191791
10844.0,10346.922659544709
14714.0,14713.554796933346
14571.0,14582.905240300306
7832.0,7905.435259610315
11467.0,11364.634266531602
10953.0,11841.423849253688
4148.0,4389.626103788883
3873.0,4038.1160187656674
3943.0,3919.781444677875
6151.0,6036.159528964714
12080.0,11732.964397690064
13584.0,13782.33260362165
6979.0,7084.007280878927
4482.0,5507.095389737132
6284.0,5801.7794646591165
4226.0,4666.808223111442
6442.0,6877.800862921263
12373.0,12072.464643426936
11297.0,12005.811982062254
14083.0,13730.83412681753
7202.0,6401.7784029150325
11667.0,11861.32476157258
10844.0,10859.735178142953
5932.0,7433.325803588576
9001.0,8277.491381809305
13469.0,10952.076801278066
2227.0,2205.2724423688237
5636.0,6158.843302176168
15965.0,16284.054972335593
5054.0,4994.924529351176
5999.0,5943.628445877421
4823.0,4769.140651843461
8479.0,8332.992256180114
8452.0,8624.02785638136
14924.0,15102.325600473921
10441.0,10299.370726177156
7485.0,7564.8743645007025
6478.0,6458.260168690095
15129.0,15314.101916816064
3809.0,3780.735824183588
18581.0,13306.323186031514
5224.0,4832.385442332414
8330.0,8152.868936417051
6961.0,6900.249453632939
10262.0,10590.586619161337
2754.0,2950.838735925761
13727.0,13196.096495041162
3898.0,3920.5564566819926
11087.0,11095.723999083462
3383.0,4082.530089059343
12557.0,12145.995855413375
8273.0,9260.581241594331
9736.0,14559.52551302999
10262.0,10249.144140460721
11664.0,11108.296627244734
4591.0,4456.094259265193
13502.0,10895.83814598006
8372.0,8749.715764223034
6121.0,5301.269323765811
5613.0,5954.470229967303
5298.0,4981.109001257229
15764.0,16358.281340288146
6253.0,6558.051321120054
8586.0,10042.114577001981
12273.0,12307.06024996502
2227.0,2227.2543570211524
5769.0,6219.281761734835
6216.0,6518.216638208149
6386.0,6319.971113016653
16108.0,15707.174529210164
3873.0,3922.5771735815447
6270.0,6168.470759013147
5911.0,5743.948310765059
15077.0,15514.023349902523
31825.0,29101.607374674473
8479.0,8789.387679486854
9397.0,9054.820771483866
10262.0,10429.60288171869
4729.0,4852.431894351331
14714.0,14815.545690544674
4804.0,4765.839785273592
4804.0,4679.945213419948
2050.0,2320.3468526189804
8371.0,8626.294523314835
12192.0,12530.306719782353
14629.0,12174.890590327312
4823.0,4826.60430038012
14323.0,14423.050742025465
15129.0,15669.284894284265
6758.0,7129.454894971742
14848.0,13398.336790126996
12358.0,13350.486082953275
4030.0,3993.8729777345197
4960.0,5927.863340295093
8656.0,8463.591335311297
14871.0,14374.140949163819
4563.0,5156.8947663163235
4784.0,4140.887047992168
4823.0,4666.752822920721
3687.0,3912.6634718740174
7229.0,7190.929883106772
7229.0,7304.434799604794
7174.0,7193.220053410482
11071.0,11796.193133996103
6979.0,6964.910760503312
3850.0,3822.3456276439147
13044.0,13325.29081075942
12373.0,12350.403014007448
13801.0,12966.210397006937
4823.0,4754.439404311788
6587.0,7359.677496803271
2227.0,2301.212941545863
14151.0,13276.0653749077
25430.0,22329.927367744946
4319.0,3727.3905641127208
14462.0,14353.528404359256
8586.0,9526.587180894925
7662.0,7754.902929954212
4995.0,4836.204483798167
7408.0,11564.823248232467
5678.0,5619.375510792333
5678.0,5423.904695575008
26890.0,25659.06467905165
13904.0,14368.832711371717
15318.0,13777.49652407856
8452.0,8656.154082664776
6314.0,6234.996243203349
10203.0,10227.376594635401
3597.0,3531.728703545333
8266.0,8159.002477976286
12373.0,12192.451201448303
36235.0,29569.653481544483
14871.0,15173.758792868151
7229.0,7350.723332986895
4804.0,4566.226595058533
7303.0,7345.134635962661
13587.0,13654.970630157119
7740.0,7551.53239261936
7295.0,7823.4942358202925
18916.0,18175.12378573865
8266.0,8446.045694937111
12373.0,12477.380134545629
11188.0,9353.140887565774
14151.0,13916.777327149779
14714.0,15092.963631554445
7229.0,7167.794349072223
12242.0,12156.65373188199
9134.0,9604.739531828756
3943.0,3968.9014057853947
6961.0,6773.149506762383
23843.0,21363.58322566667
3597.0,3545.0615379450096
7408.0,9260.899037822188
3257.0,3399.550302417546
1965.0,2047.6189406011044
9100.0,7957.71278512897
3100.0,3038.041580687646
26890.0,26651.30670138913
8016.0,8073.005107720196
12173.0,11342.038268131719
8784.0,6442.128356571522
5298.0,5412.968689789231
11087.0,11041.291010869942
5409.0,5703.571359480657
5842.0,6096.188762203017
2228.0,2339.292593026666
3543.0,3473.9805005287444
7228.0,6759.038565640243
6287.0,6463.293983354947
13377.0,9698.576597085479
6985.0,6460.795415884922
8372.0,8698.07467758727
14687.0,14213.643809403837
9564.0,9125.723125184904
12080.0,12532.47433966584
18275.0,18395.763994228815
6093.0,6253.754646966832
14861.0,17966.137404672005
4804.0,5152.57875251682
9314.0,9407.872089973462
9794.0,10004.122511150797
13029.0,12983.890684864682
3841.0,3881.097863122022
12284.0,12866.714011083543
14714.0,14788.004525657705
7064.0,7131.662761776974
5198.0,5017.860139321916
14781.0,14712.83749286368
13381.0,13164.179019030658
6094.0,5730.833654346021
5298.0,5728.0293788540785
7408.0,10117.509694789791
14388.0,14216.542681053967
9443.0,10011.359772535832
11762.0,11854.19142498774
7480.0,7300.787015524705
5406.0,5688.616991656485
9564.0,9441.654535498461
10368.0,10565.00983529168
5636.0,6045.935612091985
1965.0,1937.869801661
12739.0,12557.388616293278
4148.0,4585.995639004499
7191.0,7047.3979615331245
10262.0,10489.90672257567
12312.0,13159.891056412846
10262.0,10317.860220971756
9564.0,9326.519442317349
13759.0,13524.77723501485
8610.0,8764.74622191249
14714.0,14878.124084531428
4823.0,4760.193526441714
6451.0,6421.642640519507
16079.0,16054.455551227968
7202.0,7303.766731064193
4944.0,5882.801200684399
3625.0,3755.7710241139516
9663.0,9178.948874119627
9794.0,9689.211556332071
2437.0,2217.2365360890667
13377.0,9508.638581343013
8586.0,8073.148106752327
19225.0,18880.697375219068
15554.0,15640.864706644716
12121.0,13166.099580204262
3943.0,3920.916493880592
13555.0,14052.078367717939
4990.0,4962.905595342868
8854.0,10266.148874334409
7878.0,7646.102334242442
8028.0,9695.904933585973
8586.0,8961.400873764305
15164.0,14371.222238927689
12284.0,12336.95610594348
4995.0,5078.768869944
10051.0,8856.510972126944
9663.0,9567.07241247872
14424.0,14176.259981977371
14714.0,15043.838651082486
3100.0,3237.703965357166
6493.0,6416.984195713985
14571.0,14349.672590089358
10368.0,10533.942594345079
14714.0,14730.546622045225
3543.0,3567.445044999134
6810.0,6461.589578051359
5201.0,4982.221383434336
13377.0,12197.959517115609
14629.0,11867.380101711155
6093.0,6533.554838970665
15419.0,15535.801328603215
13484.0,13374.118989142082
8372.0,8550.952902810464
8534.0,8899.510974156556
4030.0,4284.5693204209465
13292.0,13332.166424514115
16754.0,15405.700553222856
6565.0,6001.360447274514
16079.0,16144.548008454998
11507.0,13072.856906197263
12395.0,12278.843173615553
22153.0,16349.938143766924
10919.0,11222.362627155017
13759.0,15021.847172236892
6094.0,5992.81452343793
11542.0,13901.266927374692
25735.0,24295.441629942812
17471.0,17093.153377525203
10844.0,11039.4170669801
8372.0,8597.695309233899
3858.0,3858.7712499936742
5694.0,5442.850348720317
17234.0,17846.558736300616
11546.0,11755.537080530685
8028.0,8990.568774121222
8016.0,7921.899851245789
10413.0,10380.20601142904
11948.0,11546.744311015322
3205.0,3629.6949926974944
4423.0,4301.667478139349
4878.0,5400.1874670496345
5912.0,5824.987299828676
11411.0,12083.545726761928
7618.0,7949.671996094576
7229.0,7256.789060059993
6147.0,6023.077151756829
14237.0,14327.266010183239
6101.0,6263.017258304876
12324.0,12193.272245696984
18387.0,15015.86501225411
10262.0,10502.784330094786
10262.0,10333.317773969036
7229.0,7400.997950659881
3807.0,3728.720809542054
7695.0,9694.41845088778
12723.0,12528.257003323919
2175.0,2025.704241601263
6628.0,6951.368402010451
13376.0,13538.762338854294
4148.0,4524.641772816309
9254.0,8861.32798427774
8016.0,8085.982924755283
4030.0,4277.812608142576
5198.0,4455.614775281748
4409.0,4276.61968825903
10082.0,8325.736906865764
9663.0,9546.42843661912
3971.0,3938.25420231088
6297.0,5762.163943404665
3573.0,3510.688147650269
10844.0,10912.195693532565
4423.0,4394.044668275621
19225.0,19140.399155186205
6297.0,6044.779164751281
3849.0,4375.126303718741
15078.0,16051.97564702953
4205.0,3982.170884623575
5228.0,6605.7414623564655
7408.0,7951.020423981075
7229.0,6772.307393304365
10919.0,11221.584286315094
4544.0,4081.7502995664413
6540.0,7309.392179840778
16079.0,15813.049800671073
13377.0,13152.632222413149
4823.0,4761.248387308734
14151.0,13610.256148993632
6095.0,6866.811079446278
12029.0,9693.563761459898
4437.0,4497.487385989339
3419.0,3485.9866833376323
3943.0,4095.7241907244133
13542.0,12205.578400210166
7174.0,7316.225137213151
7417.0,5179.955318015117
16704.0,15703.867606397427
4435.0,5262.86682066836
3383.0,3644.638136839415
4804.0,4781.660451299237
3383.0,3693.528577517989
6991.0,7668.396767296704
10441.0,9668.870947323046
5073.0,5830.404797312748
7695.0,8144.596252822282
7480.0,7397.178577354507
10262.0,10457.729168004356
13817.0,14054.78945346545
13067.0,13752.981228518824
1965.0,2015.604863658217
6674.0,6724.848123779688
16172.0,13535.776870379304
7268.0,7301.474053813873
17524.0,14754.34725721985
7888.0,7857.966684960957
2754.0,2798.0076097187684
10573.0,13028.845535509072
11789.0,11689.64446259537
13067.0,12273.977146224577
4238.0,4809.153841418987
9794.0,9663.227511627107
7615.0,7577.034916394504
11664.0,12574.240695140556
7064.0,7306.493612812677
3809.0,3631.0770988477016
3841.0,3811.8648634369756
6795.0,7496.312487628195
4565.0,4634.81280292361
12351.0,12131.448676572534
5021.0,5477.6174191699165
10467.0,10603.420668220919
6121.0,5993.225023183851
6300.0,5453.358162002335
10715.0,12804.429886684184
5510.0,5508.109320874918
6144.0,4910.967632457933
13253.0,17862.834808327898
13941.0,14211.83132138234
4488.0,4235.666858632489
3841.0,3850.5873975084965
7575.0,7865.984566349549
9968.0,10562.913838831382
15129.0,15342.05076194097
4864.0,5149.130101110403
7480.0,7762.536089806616
15867.0,15749.969580067915
13067.0,13802.231138253965
8366.0,8587.389531412262
21571.0,18100.68478128959
4282.0,4418.739114930412
13591.0,13717.621659553586
7927.0,7932.772415667679
14714.0,14700.15539671269
11087.0,11102.621102768551
28322.0,21063.542194977515
9314.0,9203.486845605108
7060.0,6377.536294963834
7900.0,7976.290565155914
5678.0,5873.650661046799
4860.0,4635.923966655613
2017.0,2177.4001676454486
5069.0,4854.389875936972
9397.0,9173.250832802103
5073.0,5153.996887600211
15145.0,12376.534505805272
8099.0,9141.227194263807
14594.0,14193.321604791254
4729.0,5105.44574095566
4804.0,4687.184050859489
19644.0,16180.056573125623
8656.0,8284.384682554108
13014.0,13283.609623576678
6442.0,6189.939350747972
12373.0,12302.44300508679
10539.0,10312.683057879216
10844.0,10309.771925933575
8452.0,8732.532031402294
7144.0,7145.925298145427
5126.0,6024.278680268353
6795.0,7254.78934104447
8586.0,9755.512915866191
4439.0,3913.4850279713796
6205.0,5669.439159692568
4284.0,3793.4009554851327
14571.0,14683.91551398355
3807.0,3950.3381184476257
3850.0,4348.307124479642
8479.0,8754.193619200405
8073.0,12073.08180782157
3943.0,4179.179061729877
4332.0,4073.5076920169718
4174.0,4138.981331941499
14594.0,18416.680248985303
11507.0,11215.193834199054
6093.0,6175.6416775485
8033.0,6941.254130525439
4823.0,4793.333819177818
13292.0,13531.92608040346
9526.0,9278.34260037329
3815.0,3690.5360852513345
3597.0,3511.4674886652597
13376.0,13552.354979195457
2017.0,2104.030225380337
11853.0,13188.458601073002
10262.0,10307.293055299126
3859.0,4146.3572963286
12744.0,12808.082845837549
18485.0,18952.420549488845
13227.0,14118.135443300895
3597.0,3649.687273193813
4804.0,4971.980533337422
4423.0,4181.174582385357
10262.0,10433.561631516792
3543.0,3545.146872515756
4174.0,4320.88639279298
7084.0,7297.49746291637
14960.0,14960.643032758508
13339.0,13936.181430153081
7229.0,7237.981407504917
6818.0,6998.130962700147
6316.0,6300.179366959431
5201.0,5368.491870265365
10958.0,9564.64133189598
3858.0,3891.2205898981597
10262.0,10456.964094708097
8996.0,8099.061691816364
8098.0,8936.689630500527
3543.0,3550.7539081038276
10529.0,10218.528722292001
7438.0,7196.20079736274
12373.0,12357.238203799514
4823.0,4636.538475569235
5769.0,6278.233977648027
9042.0,10423.332473132183
4697.0,5116.211403139807
10844.0,10459.744086866374
8420.0,4802.401926156375
7563.0,7754.529057738246
7480.0,7517.746230968854
4030.0,4125.506327508281
6513.0,7462.3844208706505
8355.0,8745.708214564302
16655.0,17330.964353701784
10844.0,10618.210782087504
3873.0,3994.6807556882504
5224.0,4981.044245442691
10844.0,10550.685120472452
4778.0,5338.999922502742
16289.0,16202.6040453984
5674.0,5358.384090707001
12854.0,13164.529213045444
8425.0,8982.43382890212
9328.0,9072.224859544402
17057.0,17017.629569664252
7229.0,7416.518023019745
14871.0,15421.735686612772
14300.0,14616.073981574353
8529.0,8985.409835871267
10877.0,10562.769338353559
5386.0,5284.144778863422
11622.0,10319.150433058692
10197.0,11165.10239779529
8028.0,7642.680413098775
2754.0,2898.788006789791
6781.0,7204.014378244122
3841.0,3821.47096260902
8266.0,8126.883740176272
6144.0,6368.733105388451
4544.0,4532.048509145181
14441.0,15204.60945517148
3100.0,2914.2765427999525
13067.0,13622.564426948109
8529.0,8795.736911646745
6442.0,6551.792210189281
6480.0,6858.100553799928
11003.0,11325.722840820565
4668.0,4737.945606387561
13941.0,13836.545436038246
8820.0,9680.941217413754
9064.0,8286.540301367822
10844.0,10802.269981454388
15129.0,14770.746290415902
6513.0,7006.099318275925
14676.0,14580.285462822403
4823.0,4808.302033772121
4174.0,4471.122000467781
19172.0,17458.245912812585
4423.0,4299.636177772971
3873.0,3909.3497218399693
7189.0,6592.109263308057
13731.0,13312.317064729536
14151.0,13516.544943215273
4667.0,4584.397226202052
11467.0,12326.979948569127
12395.0,12993.926552812927
7858.0,8280.057267162723
4804.0,4791.702377058628
13469.0,11477.693808747354
7673.0,7341.302760499392
14151.0,13290.257630678334
10262.0,10250.932669677246
13014.0,13170.186386338815
12373.0,11881.825751031854
11399.0,12283.582007407644
3971.0,4022.212316003434
6007.0,7067.733339325222
6383.0,7185.761781042802
5740.0,4748.091582122826
1965.0,2026.9941711807567
5935.0,6630.606950239668
4174.0,4177.451671000068
7738.0,8225.189591485301
10441.0,11360.64703062104
3100.0,2796.7328448265384
14714.0,14733.542329329413
9135.0,9100.255594321003
7893.0,7916.7283099217375
12121.0,12583.987821708839
6094.0,6474.955715882599
4423.0,4114.9812809323985
7832.0,7477.806745039377
5403.0,5227.197330183034
3841.0,3816.3428984594743
11093.0,11442.663115369858
7229.0,7281.05554690223
4823.0,4715.030708040131
11467.0,12653.2552788394
6111.0,5120.967183933408
8066.0,8611.471735849798
7258.0,7129.832023667921
4729.0,4942.993375327698
15135.0,15897.187789869628
12718.0,12610.287053753364
5678.0,5906.420064190494
5298.0,5432.608200283072
14815.0,16635.11111131077
4491.0,4221.833667258568
11421.0,10203.870441394709
12284.0,12302.041442089681
7229.0,7131.7812466132345
4823.0,4852.198729627113
12898.0,10775.68430633092
13587.0,11903.673171825509
12373.0,12311.85843551509
5999.0,5891.386131945512
10907.0,10829.195006409065
14151.0,13871.33763754518
4591.0,4315.441160477501
19225.0,19652.378493589425
9663.0,9692.34454426515
10844.0,10494.440902587367
13727.0,9401.3810340611
14151.0,14164.231439200836
10262.0,10348.123409298078
3873.0,3966.3618773503013
13014.0,13251.779941946299
5510.0,5376.025908861258
17282.0,18141.342652928743
6653.0,7010.026341960924
12214.0,11450.002309817715
3625.0,3322.083466663366
6860.0,7885.732233148497
3876.0,4733.267149267958
5613.0,5559.41824973898
8971.0,9671.873182739648
4030.0,4235.530656751939
8075.0,7105.983851596542
7005.0,7554.480743685049
4778.0,4499.940321813729
3687.0,3629.5465299302523
10262.0,10297.676319211105
6979.0,6997.313759432524
6717.0,6880.6497533327465
16736.0,16455.766568190735
7192.0,8192.614757806796
4226.0,4314.435744017103
9627.0,9582.860496544334
4757.0,5238.2708859701515
14571.0,14911.072091158216
5162.0,4954.7395101477305
10844.0,10729.292081473697
3815.0,3937.0679543994747
17261.0,17071.474638867498
16736.0,16577.926566694416
3841.0,3786.64303551759
10844.0,10860.48728780373
6838.0,7119.966927945098
6612.0,7735.241869877056
8851.0,8213.071679201477
12395.0,12846.180345619388
4282.0,3650.1840097767304
14781.0,14799.160452038586
9646.0,9375.371151452031
6628.0,6689.899294427597
4668.0,4745.257844843896
16863.0,16079.765030125878
12192.0,11565.541643936363
12719.0,12648.685494829188
12898.0,12772.12955412577
10262.0,10362.790880032833
7804.0,8386.257800564736
4174.0,4479.542111057165
2227.0,2290.4156317842358
11087.0,11246.986000161023
11667.0,12438.179564340076
7931.0,8124.1680209023125
5277.0,5077.114905646359
13626.0,13844.52496344381
12373.0,12190.13605006769
10031.0,9604.214621840678
10844.0,10634.054788773303
6591.0,6091.265913199322
5406.0,5577.272494080983
10844.0,10563.364772203684
2017.0,1932.5928321654635
12373.0,12122.987112300283
8669.0,8662.826654906616
6151.0,5901.981378791545
10348.0,9897.353718571336
8016.0,7037.615966240253
4823.0,4700.688434321859
5510.0,5549.050308202957
3100.0,2926.180407062001
10262.0,10347.798111470742
14714.0,14822.900617188163
10262.0,10330.075888861424
6961.0,6739.677268852077
6206.0,6439.915643933323
7904.0,9155.508051872639
12819.0,14238.990381696398
10262.0,10274.763630223195
4591.0,4326.812075158009
10368.0,10487.736811255174
11142.0,11120.225231973056
4729.0,5112.3976913076085
9424.0,13519.815498136895
15136.0,15414.487192809094
12199.0,13033.41532028013
10262.0,10195.18438095149
4729.0,4904.550513233662
3841.0,3975.372430900767
14388.0,14282.78233329544
2754.0,2796.209862632687
12358.0,14611.673810407126
6117.0,6197.129648333193
15129.0,14965.163132500467
14388.0,14615.207302517356
7480.0,7311.1249804126255
10791.0,8588.900482613604
12452.0,12604.105186190325
4226.0,4462.391952708094
5403.0,5367.821334993166
9646.0,9516.434897320307
4282.0,4871.8581227766745
7845.0,9165.754479724561
3384.0,4103.155248866386
4823.0,4665.68921320871
3597.0,3606.126561111901
13587.0,9257.912129909533
13474.0,11314.117211505647
3384.0,3895.745618694603
15129.0,15017.752690162777
8586.0,9227.50911808584
4591.0,4456.215444996402
13882.0,13934.219559069863
18286.0,17808.467925395995
5192.0,5474.9164780743
11118.0,10623.90758805143
14871.0,14941.003730380375
15107.0,14989.76687181933
8669.0,8636.001691226047
5171.0,6881.371062695708
8529.0,8675.173140177896
7438.0,6773.395292487002
6206.0,6218.945242894742
7171.0,7227.993612791749
14151.0,13067.333384720807
14939.0,14780.977549653751
25735.0,24047.092692634087
13882.0,14168.141884355013
9555.0,9268.499377380773
4804.0,4695.230777184097
6627.0,5094.898534333032
8586.0,9867.142124681983
4804.0,4801.418255574202
17135.0,19388.349656268914
15554.0,15500.531304016544
6838.0,6765.924500271234
8258.0,8680.22356431185
8213.0,14300.626796842806
12192.0,12143.293311276308
14848.0,14684.478876491396
4148.0,4624.181302477064
10844.0,10637.62246828715
10844.0,10841.967171920785
6795.0,7119.633388216641
14781.0,14418.649043712398
6582.0,5635.499092691889
3919.0,4077.4827099602135
9646.0,9549.29024719358
7744.0,9009.28185901322
11733.0,10878.71905108346
10262.0,10264.373412762237
17524.0,14415.861506796628
3603.0,4561.850888195473
7564.0,8768.790824268264
7005.0,7375.812229610198
14871.0,15311.498912349643
4282.0,4665.527309681491
15129.0,15173.04800190678
6752.0,6578.6553868258725
6094.0,6554.4208679885105
3175.0,3517.563271538962
8266.0,8649.262471337706
6722.0,4742.249411274829
3873.0,3845.083068977583
2575.0,2674.8099754327623
7787.0,7865.95499792676
9257.0,9334.93956917615
4030.0,5011.351499082036
4991.0,4270.817048158032
9861.0,8987.499279846603
10406.0,8639.933417116863
7229.0,6822.493402160876
7670.0,7834.416527027939
14300.0,15368.28134039567
8452.0,8997.77710296759
3873.0,3850.6365032379285
6853.0,6476.101049673386
7229.0,7071.893313112532
7229.0,7266.766802856687
14714.0,14668.306267254331
4804.0,4737.154010143523
11465.0,10774.913659338803
4591.0,4564.810913598822
6628.0,6388.743754197613
8025.0,7815.87743485962
6152.0,6488.459873792457
3943.0,4135.817275940694
9187.0,8728.238895866818
9187.0,9016.125273462896
10276.0,9922.63942452054
12192.0,11830.935869300512
5554.0,7228.046764363183
6377.0,7526.599306084139
6232.0,6180.660765164837
6496.0,6400.372914522725
4823.0,4748.115516533412
6116.0,4843.084503800604
7757.0,9223.790489493651
8266.0,8413.724126197305
3873.0,3854.9338913459096
11841.0,9653.707631419431
4804.0,4884.300929927026
3943.0,4049.7183204037797
15898.0,13491.86990488806
14151.0,13535.663311886
10577.0,10530.882990775286
4441.0,5079.223621670165
5177.0,5312.834412652144
4460.0,4139.86688151409
13727.0,9186.33812195398
14714.0,14798.69231457658
10588.0,11412.809101755876
7438.0,7066.626186573057
12677.0,12139.215372842755
14714.0,14784.113073274117
2754.0,2747.895483929714
6494.0,6302.870587288134
5607.0,5171.890725765083
25735.0,26708.84981345567
4823.0,4730.0247702848865
2050.0,2440.9123239104465
12127.0,11360.930225499944
13377.0,12521.206756326268
7229.0,7219.7378672808845
6216.0,5974.5414428506365
8456.0,6083.622183759732
15129.0,15121.13800519536
13817.0,13626.680309208661
6296.0,5577.234791194575
5170.0,5439.160553671185
3919.0,3783.443983417455
4823.0,4696.660390976691
10262.0,10538.426422558656
13882.0,13924.921017449928
13587.0,9150.60469800199
11848.0,12213.896827971153
11678.0,13258.133312163205
4823.0,4927.25744539792
3919.0,4269.12946353291
11982.0,11939.697446189644
10703.0,10780.411866323855
10844.0,10785.094428109283
10844.0,10760.060271249298
3175.0,3568.6500876348837
9929.0,9722.145093990412
19225.0,19814.92213635009
2017.0,2058.1039524399553
7832.0,8007.63010124971
9663.0,9408.269379393558
7005.0,7276.544199736496
3175.0,2981.84111526922
5006.0,4986.900621288626
9526.0,8832.071896626681
13292.0,13374.230648270379
6058.0,6975.023248073315
10493.0,11388.361462238365
10844.0,11060.020153645339
10953.0,12218.061542935031
10844.0,10576.545488218564
10539.0,11124.363752490517
6741.0,6683.670009397646
14571.0,14565.822517616703
14781.0,14397.649670034427
3838.0,3403.9074384916976
5201.0,5649.723697858087
8759.0,8988.314981440519
6195.0,5643.355601981498
3100.0,2919.7159592991206
5975.0,5839.631598477697
10844.0,11126.048589967424
16079.0,16363.243825464977
3543.0,3556.9627547495506
3841.0,3958.7554432884053
10262.0,10234.545186519767
12692.0,12990.233283673428
3850.0,3833.7999816389106
12373.0,12394.764177014933
3100.0,2534.116779805691
4878.0,5063.408659945317
9845.0,10013.143737516322
4077.0,4099.786196588203
9315.0,9778.591441488346
14781.0,14753.432959542897
17327.0,15331.182259060857
9481.0,8943.015953263364
8938.0,8613.377919157834
14388.0,14175.387001887779
5704.0,5860.376162013343
3898.0,4330.841546502795
5678.0,5400.224822026482
6937.0,6041.846637085204
2754.0,2733.5007297400707
2647.0,2412.0394132411757
4226.0,4187.251675894251
4239.0,4586.215946026732
9165.0,9316.567374801549
18308.0,18402.394991831923
14486.0,11820.770583088386
4282.0,4192.660524675837
13587.0,9296.144729528989
13587.0,13297.92850898277
6645.0,6545.355876418029
4423.0,4084.832908333484
11518.0,11489.260548273978
13759.0,14407.99199951842
3625.0,3781.0417001486194
4148.0,4148.107096752238
5613.0,5439.962752774853
14298.0,13435.11122928021
7832.0,7727.27356322375
6442.0,6589.625903946604
5678.0,5530.498715507463
7064.0,7615.754826438576
14151.0,13765.879927996624
3419.0,3504.8161141109144
15554.0,16276.488397734283
13859.0,9521.78307444243
3847.0,4292.3870673165275
7657.0,8194.680157480565
7229.0,7244.56148989213
2227.0,2324.088131586173
3971.0,3727.897482888237
6628.0,6341.250052479356
13584.0,14199.795567209487
4148.0,3970.490943114862
14571.0,14881.479355794858
3841.0,3806.68955355189
5198.0,4849.704565137967
3383.0,4042.7591898866626
7202.0,7236.068422654155
5021.0,5101.605790288149
4239.0,4125.04777945098
15129.0,14866.961802344873
21520.0,14248.47422602439
7673.0,7825.0483699603365
4823.0,4679.766118277814
15190.0,10715.684061438236
14781.0,14586.666522918767
4804.0,4855.86631249757
10262.0,10308.729894771099
7503.0,7291.446758171486
8016.0,7922.10151572894
4049.0,3786.3533743008106
12389.0,12221.190347282698
3597.0,3666.1903909042258
13727.0,13225.179012733164
5678.0,5796.05489080744
7670.0,7626.290432561283
10844.0,10626.87113686115
7064.0,7018.23633444065
8930.0,11522.29697434025
4282.0,4118.630945411737
4823.0,4703.731686296023
12373.0,12391.069568626206
11087.0,11333.098340686021
16079.0,14793.691982218746
5601.0,5273.160965311183
2753.0,2534.207486013252
12898.0,10914.161339133345
15603.0,16099.431911106207
4174.0,4394.939691463739
6144.0,6769.247119441465
14781.0,14762.560505086318
6195.0,6095.862454932052
8586.0,8696.526087627442
11934.0,11854.130526111438
14424.0,14297.411860577613
18581.0,16197.021593347697
13941.0,14087.946054111246
7229.0,7241.180082710782
3873.0,3859.7215035693866
14714.0,14808.94254455829
11245.0,6885.282416510305
6104.0,6251.2859646656325
7094.0,7343.367595586222
10031.0,9188.57314357377
13941.0,13799.31249524463
7198.0,7004.751977359434
3873.0,4847.172441326584
5747.0,5352.3840773495485
3100.0,3094.309088597116
8996.0,7900.022956873688
9103.0,9306.640236209005
31825.0,30220.13548622859
14781.0,14363.843250545113
7229.0,7423.5151787683035
10067.0,12608.583619999257
10909.0,11251.486767579298
4804.0,4739.693179594925
4050.0,3936.16638093092
14151.0,13312.758047809391
3841.0,3821.514539701177
14781.0,14711.013934000825
9870.0,9293.226706059493
8907.0,8527.00135622889
26890.0,27257.138970007203
6195.0,5813.223666747518
7832.0,8340.581325501682
11269.0,11020.601194880257
5613.0,7402.032961033996
4284.0,4124.065954034139
4668.0,4731.029332262099
15197.0,15996.782162335
9899.0,9667.299629363899
3948.0,4574.434781405668
10405.0,9121.114693096535
15419.0,15334.557955539296
15135.0,15440.373156067668
13369.0,11500.094770753654
18804.0,18760.31179356517
6751.0,7079.155732055344
10203.0,10102.514348274626
27992.0,27508.831218677053
12488.0,12311.079386894105
5198.0,5077.442419663379
7229.0,7218.1604474561045
12723.0,12636.87084161115
13169.0,14627.08406934287
8366.0,9622.72423339185
7670.0,7586.581427084108
7229.0,7255.20079775148
4668.0,4681.7639054512065
8327.0,8210.524819822547
12898.0,12828.31744809742
4226.0,4231.381582954169
10262.0,10301.704828597381
10678.0,10654.118501750836
8052.0,8803.193405488017
3898.0,5054.947585197492
3807.0,4031.817805016136
6838.0,6743.486211672144
13014.0,13264.720969646112
5224.0,4407.923404116745
13377.0,8901.366980583955
6633.0,6495.143818118204
5192.0,5289.112800823477
4591.0,4415.073495493287
4880.0,5313.013451761001
7229.0,7174.090612923909
12373.0,12244.552563136085
6094.0,6015.659820305875
10262.0,10313.671999845707
15439.0,14186.516091817603
4077.0,4158.655799721144
4632.0,4016.741324702623
12692.0,13848.310449548222
3480.0,3580.279423548496
19360.0,18958.663168983723
9134.0,9327.683613030245
13587.0,12963.18951109323
15554.0,15535.485754988984
7229.0,9989.358916328163
7514.0,7074.526830067525
13587.0,10683.069239601306
7229.0,7128.33766051264
10262.0,10246.606428670217
14871.0,15220.204028076376
10529.0,10433.706814170004
6442.0,6415.332012334259
5170.0,4948.140642953229
6442.0,6532.113390691782
3419.0,3614.134587287889
17261.0,17431.6581855116
3543.0,3532.31899478306
3383.0,3782.247941272657
11087.0,11096.742726651933
7229.0,7371.1274875439585
11249.0,13173.176792443881
16736.0,16814.632911917226
10262.0,10295.122513376009
10262.0,10513.556094624033
5678.0,5541.281466210393
8307.0,10194.557135899224
7690.0,7737.728127379398
16704.0,15519.988619145899
10315.0,12375.420676344607
12173.0,11103.955927977528
4227.0,4385.613052450947
3943.0,4241.89896992481
7229.0,6664.468932582485
8610.0,8957.374373013674
7303.0,6986.042118013513
10972.0,10934.452195160018
7670.0,7624.230385127965
8372.0,9026.361844488356
6628.0,6715.498461701729
10262.0,10386.283968011026
14178.0,14334.454021533867
8518.0,8931.131306331123
13376.0,13390.198134812996
8452.0,8445.32387648018
18371.0,16433.465694552233
1965.0,2018.408278512882
10368.0,10419.891450980296
11467.0,12562.114694677413
14781.0,14245.277922970174
9535.0,10888.8258826529
2050.0,2286.0032443147115
10368.0,10654.638561591562
10031.0,10200.385062609685
4491.0,4474.440409337834
7229.0,7212.250743023615
11401.0,11849.333830067175
3597.0,3524.457406754326
7927.0,8494.559787942952
4174.0,4029.2553770354657
10203.0,10660.891538650621
8610.0,8703.31909965762
5769.0,5784.1567701859285
5644.0,5008.093377478413
5769.0,5865.227608017107
7229.0,7153.3080600551
4226.0,4366.945364057415
4588.0,6080.05603278878
4995.0,4805.510611225581
5406.0,5458.488651145474
3873.0,3928.4060365867167
17024.0,17595.289321635424
5158.0,5301.76607560887
8040.0,8107.034795857052
10844.0,10619.16956423443
4667.0,4632.912837375975
5678.0,5273.555944395213
12513.0,11774.5841682347
8016.0,7943.7075933789565
3543.0,3488.051139597302
5963.0,7042.976974971793
14781.0,14731.589656842096
12373.0,12389.720108089374
3210.0,3244.2209097015175
9134.0,9341.27989822076
10919.0,11441.450422586566
4575.0,4382.288170211365
5601.0,5531.97515608486
14151.0,14512.710766417555
10151.0,10380.785151565815
5403.0,5409.9828848256775
6147.0,6400.380815330493
4804.0,4941.2016615573175
8371.0,8993.202942311767
13014.0,13243.231734057437
3383.0,3974.8704028401926
7298.0,6459.221146505682
4544.0,4492.1511670222635
15147.0,15425.489553042691
10782.0,13408.65079332248
6027.0,6276.745204281768
6681.0,6199.131038868961
3943.0,3925.0613740074473
12898.0,12797.612708170855
6628.0,6393.349984755771
5022.0,5094.188886509045
12698.0,12965.676425936426
10794.0,9944.818050194133
6416.0,6252.729271701669
4622.0,4324.719472479178
3943.0,4131.197761706282
4508.0,4910.643377841553
8452.0,8306.322815673568
13437.0,13919.041374606124
11982.0,11659.799181316594
10844.0,10169.707364670943
14714.0,14856.280959032974
6093.0,6103.253860738333
5307.0,6170.585463521669
10188.0,8978.304262012975
14571.0,14615.562185183497
10976.0,11324.51066563898
10844.0,10538.580847097053
4488.0,4267.160418876548
8582.0,8712.914060476149
10262.0,10277.084608080764
8662.0,8740.490132811967
2071.0,2230.6760713889626
11087.0,10948.339029813462
5228.0,5522.173326031396
12996.0,13005.346051114717
16736.0,16667.517256429765
13941.0,13862.778925482238
9166.0,8159.155449302654
12677.0,12811.697553400787
4405.0,4504.491759406932
12121.0,12423.213613784694
6121.0,5701.826830371406
14388.0,14330.232677086387
11467.0,11304.749917882878
13817.0,13859.914239884483
3100.0,2954.4502330858886
8266.0,8708.864926282939
13759.0,13787.52881385932
3943.0,3926.6239751855564
12327.0,10550.613216050422
4049.0,4042.81012455845
3573.0,3730.8312962488676
4409.0,4255.0839348407935
6565.0,7395.234894039962
4174.0,4267.768958838583
4030.0,4701.10125957751
4082.0,4243.810093166306
6117.0,6303.884079179132
6163.0,7250.515910457952
6540.0,6287.133857484476
4649.0,5186.740879348629
10262.0,10447.252916218622
5613.0,5547.640739525937
6144.0,6060.146226131418
13067.0,12433.421249239578
7608.0,8135.727639581593
7198.0,10019.351052415692
13941.0,14567.585251436132
10368.0,10541.838551153489
3543.0,3490.379209346146
4462.0,4425.300489064655
8005.0,8270.44016295422
7064.0,7030.0172531170065
12121.0,12605.288421328436
8918.0,9545.282002245385
8891.0,8777.416573691555
10203.0,10350.736380561899
8073.0,11794.888324185455
11237.0,10131.233878631385
13376.0,13528.202930325104
6513.0,7417.826887398797
13731.0,14184.924975781922
7064.0,7073.294813796772
16736.0,16822.275329036915
8586.0,9717.123417499755
11789.0,11754.4196078631
5224.0,5027.742856649993
6834.0,6020.843344465676
6316.0,6229.748879478324
11869.0,11938.618657020223
4384.0,4343.47467136924
5644.0,5302.165695941024
19681.0,16650.00213360754
13377.0,9015.799514274497
10090.0,10205.713083651433
20845.0,22689.465926844463
4878.0,4818.007282360209
2227.0,2245.0116418658276
6442.0,6772.504209196528
3257.0,3507.5951074423006
7229.0,6908.683251729589
15164.0,13963.088149316758
10067.0,5551.232927835529
5674.0,6186.278745678873
20800.0,23194.696542322064
7144.0,6974.109192427554
6094.0,5505.905171292485
4050.0,4072.678750313907
3859.0,3459.7131823535638
11664.0,12219.643729759933
7731.0,8054.64974049983
12692.0,13123.422604490115
11307.0,10224.628824614318
8586.0,9144.172265255156
5746.0,6343.770776953922
13378.0,12075.664743235633
7486.0,5739.278735086656
7298.0,6668.6560355177835
7005.0,7337.321949767589
4804.0,4927.4300527652
16162.0,11422.580347024059
3419.0,3669.1454203103353
5192.0,5613.521915137095
4409.0,4239.29694205235
7229.0,7422.9761085248665
5397.0,5057.5191486954645
6542.0,6650.788843525411
5281.0,6113.396374769244
8266.0,8675.275533503911
10262.0,10388.05814020388
11105.0,11628.70919293097
4544.0,4498.367127676791
4960.0,6796.231642088027
16736.0,15811.358175075076
13377.0,8874.001794751248
2227.0,2166.5045619909906
3100.0,3107.6714488650227
3100.0,2928.1228145377836
3873.0,3947.4802772458665
5232.0,4640.757408233424
3359.0,4355.249561731871
7725.0,6756.473605315176
4441.0,4718.090947322421
8529.0,8946.28086311395
14973.0,15392.708096649454
14571.0,14699.701365841991
3257.0,3397.11566237952
11087.0,11005.80079667755
3873.0,3914.7848865668325
4423.0,4390.797435328192
11753.0,12070.463242080254
14571.0,14879.822089796298
8475.0,7548.727813588382
13941.0,14138.888717362648
16079.0,16037.075623638306
13399.0,14308.357169546509
14714.0,14711.565906886377
3383.0,3404.8958053447172
22270.0,22447.375732126933
5944.0,7788.976296299488
9663.0,8989.237584842615
7740.0,7910.245902783884
7211.0,7937.305502886911
7229.0,7379.997665830477
4174.0,4323.927069121722
5170.0,5287.143797980209
15135.0,15845.965376440425
4649.0,4674.259201616381
4668.0,4811.849108564322
7480.0,7315.746790865061
6121.0,5983.734280803464
15129.0,15082.138786094016
7452.0,7769.13824698509
10539.0,10441.178450785103
7648.0,6187.375913931632
3925.0,5199.236012391736
3597.0,3538.9015705650086
8586.0,8874.80026262991
13591.0,13446.519067903078
9646.0,9271.409822164758
4668.0,4704.504791798312
10203.0,10311.654581213497
7932.0,7631.328575689405
7893.0,7820.979290260215
13029.0,12758.11280495481
10262.0,10355.25966396986
3574.0,3706.014146493299
8759.0,8780.792247047277
13502.0,12768.294025264498
6528.0,6654.406864342551
6017.0,6528.265224334971
5613.0,5575.391843956704
8040.0,7670.667191081047
5694.0,4755.839172210079
12898.0,12786.961489033349
5192.0,5385.202553180893
14714.0,14778.138653436234
13817.0,13421.516049888965
14714.0,15158.202698483701
3597.0,3751.3693300058903
6121.0,5743.592908171367
11642.0,11979.07656257805
15764.0,16402.241847160927
4804.0,4889.429856498724
13223.0,12730.375350641105
3858.0,3842.56713108574
6795.0,7152.983485142208
8327.0,8575.487125135498
8907.0,8709.9954275551
7095.0,7865.310532395374
6902.0,7668.65080085311
13029.0,12518.78507946545
8372.0,8897.411690276364
10844.0,10738.148395308097
4384.0,4574.0882113339585
12121.0,13415.1955582903
11467.0,12344.17270871331
6860.0,7971.195808238594
11241.0,9924.973821019115
13759.0,13926.483819058536
4226.0,4611.403244166596
9274.0,8164.290041202186
12192.0,12164.723438056528
4804.0,4982.5947616723415
10262.0,10307.43094069428
10262.0,10207.147075497849
3175.0,3417.5697963159314
12898.0,12728.67083049621
9564.0,8292.802884661816
15187.0,12610.36661978648
12802.0,12875.835950530256
4804.0,4935.63319970459
6300.0,6335.980054207177
3873.0,3968.0935581204362
5224.0,4861.663529781996
5228.0,5162.988042556852
8065.0,8740.369785377967
4441.0,4685.852054456703
7354.0,7861.188214100116
6094.0,5752.18677092897
7064.0,7223.648066462429
13292.0,13410.008824840688
7791.0,9079.380038876352
7480.0,7343.107691099273
5069.0,4980.39486025335
3257.0,3874.2699061227554
34273.0,7627.628463494256
16704.0,15398.306061931431
11432.0,12134.38162114374
4307.0,3138.935832637938
13029.0,12495.011411082187
3100.0,2984.687412621645
10031.0,10286.405576153958
3841.0,3782.5836587004424
4030.0,4132.213493764723
10441.0,10628.712545119073
14221.0,11821.682944456916
10262.0,10278.999504447387
7229.0,7198.342470093265
8033.0,6168.589611587773
6818.0,6607.880451810797
7485.0,7866.822808746721
3971.0,3913.329328691229
3597.0,3589.847996346683
5678.0,5485.670686581668
8366.0,8728.366849169799
11753.0,11883.228836480332
3841.0,3794.63338221859
9345.0,8783.10070761455
15107.0,15224.519138552756
9646.0,9465.990815898853
10262.0,10633.0755051254
8456.0,8251.12667702225
3841.0,4015.1361859281674
12537.0,9399.083723855749
4804.0,4852.5267853951955
7005.0,7233.596834255199
13587.0,12297.164765021656
4050.0,4007.2853710987597
4148.0,4582.668853398382
3850.0,3663.2477921664627
4591.0,4123.707469347767
8016.0,8089.050382380075
4804.0,4874.17691066069
13941.0,13772.326231305888
7006.0,6990.664943941603
14015.0,14553.978039417141
11087.0,10522.03842523528
5647.0,6295.0792481217995
8745.0,10233.340462335918
8016.0,7979.697486071858
7202.0,7406.747495455908
5963.0,6652.501626302548
9646.0,9465.509029464973
3100.0,3221.5998231349463
4148.0,4479.444486039021
4823.0,4797.499952618476
3841.0,3776.143124449446
13014.0,13325.329220175718
10262.0,10433.022105687065
2575.0,2226.290378235173
19225.0,18551.29570058108
4174.0,4250.816868782784
7870.0,8776.666528667733
7934.0,7269.043357833959
11360.0,12097.776165120435
6442.0,6387.840448362398
10262.0,10758.579177070147
6732.0,11954.328205214635
4668.0,4838.517026019318
6258.0,6850.870632480559
16108.0,14258.228245548178
14871.0,14333.479373932947
4483.0,4054.7078148078563
8066.0,9853.07998950639
9946.0,10195.591627063332
6027.0,6426.308848443292
10262.0,10420.160296561831
10844.0,10809.765234872662
8586.0,10289.470641742017
6015.0,5494.794997732103
4990.0,4639.2914657361125
10844.0,10527.463879255838
13377.0,12505.088491332732
12257.0,12221.677464825536
4804.0,4784.583373343063
10008.0,10783.841408930766
3597.0,3680.358915676786
3419.0,3823.964921507086
16289.0,16800.114350496093
10844.0,10434.437556909223
9526.0,9208.044935268485
8849.0,7597.217534282756
6121.0,5464.602682324769
12347.0,12173.818725061563
5613.0,5642.303083267411
18253.0,17419.325504685414
14848.0,13869.045457880162
4995.0,4705.883547239227
4591.0,4531.801493375008
4462.0,4363.690863973412
12898.0,12941.640012668613
12032.0,12107.894699899007
3543.0,3464.809458446966
8851.0,8199.18292581886
14714.0,14799.920437880755
3841.0,3827.3119982915678
7531.0,8636.25801853016
7845.0,8040.466436071264
9663.0,9942.389003337505
5678.0,5729.366753177291
5780.0,3854.7279841295313
3841.0,3799.58879836765
7174.0,7265.706793459024
13616.0,9801.964228864628
18275.0,18618.93028556645
14482.0,14230.228745881952
7662.0,7313.790290397005
6117.0,6199.475413001179
4423.0,4003.318073409317
9416.0,10112.197698492688
6961.0,6670.762564924931
13376.0,13468.97670917513
4239.0,4560.6856597181195
13727.0,9826.912107401424
13067.0,13666.650497544115
6961.0,6451.3848320826455
7064.0,7016.474415427513
8784.0,7988.017378094361
13941.0,13888.44678658563
15058.0,14724.967790632618
6451.0,6318.4397751387
13014.0,13047.72467067233
22794.0,12885.648058295315
6922.0,6014.058535986814
7229.0,7354.6788573291415
13587.0,10603.685009845338
11228.0,10463.337040616601
4282.0,4500.449899039622
12284.0,12640.048643079497
10262.0,10405.694827656298
6741.0,6329.303260044711
3943.0,4114.407052287206
7662.0,7494.559948739854
8586.0,9084.233959586807
5117.0,5356.502863585829
5298.0,5609.981214998047
4632.0,4371.368883925726
13014.0,13450.93119674165
12649.0,12039.642667739976
6303.0,6102.395495621114
11560.0,9910.17632585131
4823.0,4658.170973199306
7031.0,6417.63857528144
4423.0,3936.2058999303063
10975.0,10996.872659270097
3873.0,3825.4728078392186
4107.0,4229.582497791677
11087.0,10698.616067479572
10529.0,9580.334410322599
6138.0,7392.996035868188
13817.0,13905.361684581576
6093.0,6037.646427490442
5678.0,5791.539538980242
7893.0,8114.055321255089
6121.0,5932.045261597555
4544.0,4433.149740883814
14714.0,14904.157132466755
14388.0,13923.978126935266
16108.0,15053.853390313836
12402.0,12447.994520348653
12384.0,10583.97094162133
6094.0,5843.692029748907
5276.0,5092.519848583122
4804.0,4727.995260406341
11281.0,11094.38201727631
6068.0,6180.419038299669
7229.0,7370.013823917392
6628.0,6409.286376656762
13502.0,13179.009885062813
14086.0,14718.38686155028
4959.0,4978.300685236058
16376.0,16719.597597663105
4804.0,4712.5773619409865
13817.0,13944.187265055281
7229.0,7215.390284227645
3859.0,3515.374831357876
13899.0,14697.064469739453
6628.0,6277.85012582952
10123.0,9678.319555427524
3873.0,3822.391319753774
13339.0,13194.770217634996
14714.0,14525.285292326596
12692.0,12747.400368669965
5281.0,5608.195085723443
10368.0,10590.394066680872
13377.0,12744.783817264504
6961.0,6951.673339309235
10844.0,10854.734248381656
13759.0,14082.378476823153
12119.0,12937.695975404293
3807.0,3930.0675628302292
3943.0,4115.204756105256
13941.0,13636.720074856443
8586.0,9736.84995089359
6245.0,5028.778105964726
13067.0,13248.381401099718
14871.0,14698.170385048226
13377.0,13351.436356131398
12373.0,12175.344677406421
14231.0,14862.60197800904
1965.0,2022.6597597733276
14924.0,15549.282897056346
4174.0,4249.879745179234
4725.0,4915.280044660022
17057.0,17446.809542693518
11444.0,12443.824798190572
7202.0,6313.541489163176
4030.0,4087.14099505646
9535.0,11222.90040875445
8586.0,9089.025476614632
8586.0,8882.322363253834
3625.0,3633.383112424367
8055.0,7419.307541645485
3100.0,2995.37191933787
5699.0,5755.296454370018
15129.0,15160.72005584838
9187.0,8520.117080009359
11732.0,11658.887050132684
3841.0,3774.6748238588057
9794.0,9971.05302217201
12198.0,10632.111054027997
14571.0,14491.205691944951
5755.0,6610.7817943162945
14151.0,13952.590124696566
5613.0,5615.076969904093
13067.0,12411.021185865715
12557.0,12418.63701625897
14714.0,15064.408420622409
4544.0,4888.306852084311
4107.0,3863.043013017073
4990.0,5083.769817845323
12341.0,12386.148921134889
12856.0,13339.626489728003
7893.0,8562.260887328199
6688.0,6111.886303188111
5963.0,6140.7471089180535
3419.0,3780.3110142228593
2228.0,2246.861315141155
2575.0,2664.403651238582
13292.0,13187.748481863502
4823.0,4841.239536368544
9899.0,9801.899043338557
14120.0,14072.69290329607
15284.0,15318.588761391644
12192.0,11388.844703661138
13428.0,13289.761926909247
3543.0,3541.764985301808
5406.0,5517.27159422324
12383.0,11179.34057641116
8372.0,8770.07332147033
6144.0,6600.193536168478
8586.0,9557.949934014776
4282.0,4014.9243977186334
16079.0,15826.848105140083
3175.0,3420.921071392391
15764.0,16442.570594443856
4784.0,4978.207067379675
17057.0,15646.675201179274
14714.0,14618.152385612493
9564.0,9218.730314172688
8991.0,8623.840853836386
4804.0,4732.795845821952
12242.0,12254.276581599373
4148.0,4302.019280498662
8586.0,9164.583273947463
11627.0,10583.954698381081
7064.0,7407.501771027061
12476.0,11327.668872026112
10262.0,10264.387924278984
5678.0,5954.733858954812
6151.0,5712.634563136044
14067.0,13638.164350033247
11936.0,10829.720248057029
6327.0,6054.213416236718
8529.0,8474.777320916577
10651.0,10515.353725425726
4668.0,4759.76002549372
5430.0,5666.171937382968
7229.0,7154.259195531157
6314.0,7886.6843060511055
7120.0,4924.883231048567
3841.0,3886.1292144059485
3841.0,3986.64506898945
7480.0,7199.664325617917
10676.0,10758.749846449726
4423.0,4590.7096087717655
9709.0,9492.933808882035
7198.0,11890.483827920558
14848.0,14104.563714760692
1965.0,2072.7618957892
9134.0,9198.775962068823
7485.0,7777.213319473124
6442.0,6433.403330588131
15812.0,16037.469605549151
11185.0,11003.584704295768
3175.0,3610.537108863066
8452.0,8902.053775549299
10262.0,10222.112817526637
5228.0,5632.315301283514
9314.0,9118.44422853597
15812.0,15616.651015616433
14151.0,13674.961985000697
3625.0,3813.406951886671
10283.0,12116.937224077099
10262.0,10501.396265331166
10844.0,10916.790965050728
12384.0,10223.47839811674
11822.0,11999.808959532127
10008.0,10407.601167954259
7640.0,7177.875456038772
14781.0,15011.840067398638
4377.0,4885.117399878512
5298.0,5469.665873153579
2227.0,2543.303793327999
10407.0,10839.21074309116
11507.0,10982.709595127375
5458.0,5665.191400432596
3943.0,3940.497973080688
18550.0,17680.77963949741
9397.0,8968.832153226205
3841.0,3808.542456269063
7229.0,7265.921142848892
4823.0,4752.443724927335
10844.0,10806.637313915679
7174.0,7889.708183282163
6985.0,6706.0363210096275
11664.0,11854.724235071637
8073.0,8003.689837378488
9417.0,9863.16223328754
8372.0,8925.410133575897
14408.0,14510.57747069267
5678.0,5768.5503326332455
5694.0,5601.118941212489
8586.0,9312.468684144813
11087.0,10835.17735106002
4823.0,4879.750662765136
5583.0,5866.393121158207
11869.0,12250.314549999066
4823.0,4827.605455941128
12373.0,12819.086650122705
7268.0,7802.267152209695
17261.0,17332.729834389105
3384.0,3593.9892019134895
3847.0,3880.866620453825
6093.0,6107.924220488193
13547.0,11910.818481900244
7120.0,5662.802360755547
46490.0,36506.07429896158
12872.0,13762.195923244815
4226.0,4562.172487512631
10844.0,9817.00426114916
4668.0,4734.006517310324
29528.0,26108.613672386797
6300.0,6263.09101684127
13882.0,13834.080398666856
4668.0,4709.187689485174
4174.0,4282.794076975322
2754.0,3026.843656349214
2754.0,2837.5486376660497
4668.0,4802.501409418979
4804.0,4770.22747662893
10756.0,10639.173889672309
7933.0,7951.506455177299
3543.0,3609.341956609194
13029.0,13147.41293653722
13731.0,13938.916573141092
4804.0,4675.204033524326
4148.0,4626.51416582008
5164.0,5467.137978235157
12192.0,11882.779295643439
15078.0,15493.89962732867
4268.0,4638.799050656007
5769.0,5558.440549988519
26890.0,26368.976476472708
3815.0,4187.740381878252
9663.0,9858.38595191983
4823.0,4797.1826315265125
13628.0,13313.960911368633
7451.0,6478.450623801281
7229.0,7298.116856426973
10368.0,10923.485107132099
3858.0,3809.1471512242288
8586.0,10375.673679881374
14781.0,14497.67171042819
13039.0,12666.101120536909
5613.0,4994.468783449614
7305.0,6529.100767482558
10262.0,10305.541652002492
15385.0,9574.800697709396
11134.0,10604.123278156065
7229.0,7416.682126587803
6860.0,6615.704307437138
15554.0,15886.74350555989
8066.0,8517.204380535433
6493.0,6343.131691990958
8534.0,8508.657386575715
13344.0,13749.848298561777
12395.0,12647.854655161733
12436.0,12693.424006142019
6938.0,6641.789897127777
4460.0,4209.1321300981035
6461.0,5686.175612434431
7870.0,7946.645648253967
12395.0,12594.297580604612
8372.0,8819.166359345372
8529.0,8648.218390473394
6857.0,6585.393597504562
4668.0,4779.985988390229
3100.0,3080.7706240389575
4991.0,4498.095893928132
4804.0,4803.321359774309
11134.0,10209.587910411705
7363.0,8846.608469829927
2227.0,2211.519863700984
13559.0,14975.810943477762
9646.0,9623.501126025696
6526.0,6824.642462542787
8040.0,7792.537900301993
15129.0,14447.22570782553
5636.0,6409.033167014957
5678.0,5764.809222837642
17198.0,15985.193685996386
16287.0,17374.14543458803
9476.0,8653.735876198694
13007.0,13496.04928320218
7514.0,6583.620414498202
5618.0,5245.821065067452
3911.0,3601.15455023451
4823.0,4751.604260475069
11752.0,12074.41552120916
14571.0,14763.408028044625
8372.0,8584.143939381445
3971.0,3876.986383987976
10262.0,10450.616532252538
3597.0,3596.538808278445
12436.0,12646.850320641319
14714.0,14702.364306805961
12898.0,12841.567782368691
12287.0,10665.453224190816
7189.0,6760.030410387455
6961.0,6309.095253614506
15292.0,11710.321088157662
10368.0,10812.706963224558
13292.0,13598.986802786916
9064.0,8716.347462224476
14388.0,14315.718048310257
4423.0,3762.808355601569
8839.0,9579.80785148075
9870.0,9578.334944323418
7670.0,7959.96930532467
8066.0,9331.27586702922
16697.0,15645.125182420466
5684.0,6204.036848383352
11200.0,11138.363770392682
13759.0,13961.556508175461
5694.0,7014.960239432373
12371.0,18361.61540376581
6573.0,6582.723845302981
6393.0,9187.965912445117
5224.0,4846.175571492869
5198.0,4200.81884554819
13941.0,14422.681142126423
6300.0,5628.7654935525325
12609.0,13257.237424459892
13587.0,11522.29697434025
13587.0,8570.94187427866
10262.0,10335.022950611747
16439.0,14879.06801408156
14781.0,14879.062808351924
10262.0,10368.950062989952
10844.0,10485.664327515784
4823.0,4868.235574866746
5911.0,5559.357982920848
13377.0,9815.38031676698
6145.0,6014.3148404354815
1965.0,1918.1594317509046
6442.0,6239.9194643881065
13941.0,13962.715102028025
13002.0,14421.88464472311
8907.0,8558.523574014926
14657.0,14611.759083038074
3873.0,3915.2398740020108
14781.0,14819.451267936685
5228.0,5628.6857421604445
7652.0,4921.420095112105
7229.0,7335.598778671671
4226.0,4293.174261646743
12373.0,12223.7123572906
6860.0,6978.077508036459
10844.0,10247.210915302383
12373.0,12420.144483401604
4238.0,4850.667822069292
13502.0,13085.522700183175
10953.0,11919.442562842833
3782.0,4012.107177397994
14781.0,14739.549954591112
4804.0,4753.207734610645
6117.0,6294.976490298807
8016.0,8038.397870162104
6216.0,5985.1657177760535
8016.0,8004.6809777939925
11087.0,10814.37664153246
5678.0,6189.282008302897
7229.0,7281.175631161737
6860.0,7802.782182877393
10407.0,11093.920587779818
13797.0,12857.492838978174
6961.0,6616.77411058203
10624.0,12299.692456778619
14300.0,14565.950117013133
5418.0,4454.742177369261
15129.0,15187.658232637838
3543.0,3489.5203836468845
1965.0,2012.208631640316
4282.0,4091.353712141198
14508.0,12802.986490946028
5162.0,5588.951743913667
10262.0,10248.262251371354
15237.0,14485.453941843612
12524.0,11720.458893876988
10844.0,10884.486230100605
5092.0,6141.4344917184435
8309.0,9088.05163262326
4106.0,4786.992224599538
14151.0,13770.011948452522
5177.0,5298.251526731714
10844.0,10856.171458431096
4823.0,4840.206769510053
10262.0,10545.557351489071
13381.0,13609.940130828789
4332.0,3988.4672657038077
26890.0,27480.351469888843
12803.0,13343.459562157535
8529.0,8709.808897666111
3873.0,3844.5904229994826
10844.0,10876.81624835379
6144.0,5228.282767069623
7229.0,7115.7228520656145
12767.0,13527.310084353601
7229.0,7127.995812304762
7354.0,7742.617018810851
4049.0,4297.482122111062
13377.0,12242.573773588376
6144.0,6425.800392754013
8266.0,9003.005668770238
10975.0,10855.93271483008
12192.0,11881.951983931333
12273.0,12205.828253262423
26890.0,26338.16384313775
15136.0,16044.3751846562
10262.0,10664.474703844024
10262.0,10346.641277553754
2228.0,2428.63727953697
3597.0,3634.8937394095947
3841.0,3784.2750882391124
9899.0,9589.056615768617
13587.0,11485.871041050363
4409.0,5563.692803232443
2227.0,2264.026348037623
4937.0,5788.188033471098
9319.0,8786.513290299432
14151.0,14185.1869808023
14714.0,14788.523471146336
7229.0,7412.880792958898
11982.0,11402.584262696506
4990.0,5184.950545597101
9103.0,9453.019647618292
6300.0,6228.2838938162895
14441.0,14636.959762703329
8366.0,8596.144595203587
7317.0,6804.797085794005
3898.0,4713.237680888377
14714.0,14818.042334775224
3841.0,3810.8552530421343
15373.0,13514.551963685737
11222.0,11476.315854640405
7155.0,7670.303167973882
15200.0,14549.102965057189
7832.0,7616.638984630076
6593.0,6061.574466620166
13007.0,12453.568889186025
15400.0,15014.754507186935
6528.0,6478.534747034934
6162.0,6235.717383787375
17261.0,16122.609542298556
7064.0,7074.661253170441
13882.0,13862.156075423123
6216.0,6377.193837329656
19644.0,17302.47576055151
4544.0,4216.826422918697
3384.0,3699.5677229924972
4804.0,4812.720419215156
10031.0,10196.828126557511
8586.0,9549.639783771567
7832.0,8051.23260090498
10027.0,9440.299397072908
2754.0,3018.9461636409046
12767.0,12649.869362114769
8777.0,8142.295715954067
7870.0,7679.8748974835
9416.0,9997.690949500922
2175.0,1891.9956586625663
9646.0,9510.05338701177
13731.0,13928.068093889267
10783.0,12009.384099276831
11467.0,11886.119367006244
8879.0,9097.149529590766
6795.0,7550.803189679521
14871.0,14822.792014869474
34503.0,25376.40262996582
10975.0,10975.545703903748
15170.0,14839.076508362403
7001.0,6176.309392430173
8576.0,8873.507556869466
15129.0,15050.019215549002
4823.0,4791.123488219158
10844.0,10697.049562230892
8085.0,8828.094366270954
20747.0,20706.501200210772
10203.0,10059.305494442047
12898.0,12866.986221417093
13941.0,13836.941268571223
7503.0,7009.578601701609
14714.0,14945.700207305817
5054.0,5068.20261713619
8722.0,6337.283673322624
8586.0,9107.64905901212
5228.0,5842.817429356774
3100.0,3261.6949416464377
6541.0,5631.880304639095
8266.0,8220.34499119426
6628.0,6492.343008119842
9663.0,9944.204107909585
9899.0,9508.250437815981
6223.0,6214.145033844831
5380.0,4985.038002521266
7740.0,8053.484558093461
9899.0,9518.796019794187
5198.0,4928.159473187045
14388.0,14111.09786465306
8137.0,8391.797750916661
13591.0,13323.89458512664
8479.0,9174.923422254271
10844.0,10794.829422573199
10203.0,10209.7735902965
6938.0,6621.810720415725
9646.0,9399.999886970349
6593.0,6392.364829567397
9125.0,14244.69411714415
7670.0,8678.716650932256
15894.0,14913.443206581765
5608.0,6097.203989248335
5842.0,5818.060056045885
4466.0,4881.6461231423955
3597.0,3507.1341789609646
13555.0,13193.673657448178
10979.0,9065.513342923316
5674.0,5581.279834412111
5613.0,5327.620830846084
5725.0,5333.341547516713
10067.0,7424.958421954153
4885.0,4744.7364235154355
7690.0,7431.802981456904
8258.0,11352.024596014106
7408.0,7497.1877354719345
10844.0,10764.52744022745
5894.0,5873.562628475843
4435.0,4565.85592488841
4050.0,3684.8736600783436
4174.0,4207.309958814455
5957.0,5689.085970554446
12692.0,13149.637638627186
7303.0,7275.710160600865
6117.0,5981.174529816528
6015.0,5528.2198607182445
11642.0,11445.45026936974
7564.0,8040.289472288179
4823.0,4805.840351695459
6442.0,6530.2030150095525
6327.0,6293.150468111133
7416.0,6502.732678293705
14588.0,13086.607328157745
7198.0,11341.486810389613
8669.0,8839.953568536232
6093.0,6319.895447594065
15107.0,14740.496267143477
8372.0,8907.08571660334
7064.0,7128.3578922364495
12732.0,12630.965275148412
3597.0,3546.674467949272
7303.0,6060.146226131418
10991.0,12151.85432407115
10321.0,8978.203697847084
3943.0,4090.736901528608
5636.0,6137.058805032519
4268.0,4582.734246517183
13014.0,13176.438309596295
13727.0,10170.624654656374
4174.0,4304.084022267065
10493.0,8190.86885020142
6794.0,6845.677852989539
7228.0,6648.42648444192
26890.0,27262.297715860732
7038.0,7642.04297437346
7064.0,7036.23369876035
10031.0,10012.222863350931
9663.0,9219.317536030763
4483.0,5097.942193200255
5769.0,5936.602160382742
4804.0,4701.265640902296
4145.0,4366.598316565855
4880.0,4914.1758258514055
3543.0,3550.641259620601
27992.0,29522.67828962405
7191.0,7216.16927984291
5403.0,5222.029468571557
15812.0,15478.634794917887
4544.0,4454.265432497618
11410.0,10426.261036076052
4332.0,4096.890312681687
4544.0,4519.106376084599
4226.0,4353.39041752088
4145.0,4248.690672226419
14848.0,13940.835471725426
3419.0,3895.166901615552
7229.0,7679.387769134924
5830.0,5464.926907298028
10972.0,10462.458641153316
14231.0,14314.702669167167
10844.0,10815.415611863715
11468.0,9791.676004922909
4409.0,4782.2762227188405
4077.0,4060.3467005762736
13067.0,13109.708948149166
4823.0,4749.720487479647
14817.0,13721.971726035206
4326.0,4307.248925258972
15603.0,15688.17886845349
13885.0,13729.227180220281
17261.0,16333.59818106931
15629.0,16052.193092374462
6117.0,6105.132227103139
13377.0,12791.898266310896
26890.0,25544.82207849537
3419.0,3618.3740982353897
14960.0,14845.051257500569
11185.0,5795.253141316332
8372.0,8547.142094096931
10262.0,10653.23365219554
11542.0,12248.134270861483
4649.0,4500.080604987572
5678.0,6322.058063728594
3971.0,4075.52048614943
7878.0,7902.077151102357
13014.0,13297.053796663247
4423.0,4148.947252968858
10262.0,10371.471420363905
4668.0,4627.318753462319
10844.0,10828.981395745277
10368.0,10600.547189350724
4591.0,4822.20965742263
7191.0,7756.85288904534
9794.0,10084.357594841169
3943.0,4151.748864066504
13626.0,13759.239698134339
9663.0,9852.937899828172
6093.0,6217.515322557962
11717.0,13612.606276893934
14781.0,14327.937755479757
7229.0,7047.140741647595
3898.0,3879.427954729312
14714.0,14798.83006863608
7005.0,7153.758164181648
3597.0,3595.0887831152777
4413.0,3988.691986602859
15353.0,14611.952817030322
3943.0,4202.7998079638255
6297.0,5739.304284301245
6144.0,6886.295831974004
12257.0,12565.54086798299
15129.0,15368.789805552116
13029.0,12862.413164934287
9416.0,10209.265965284125
6934.0,6453.335556036371
11467.0,12312.859372519484
6795.0,7760.729200888068
5198.0,4258.435377658201
14053.0,13716.165611613718
7927.0,8233.377439548573
4462.0,4651.396848594596
5048.0,4308.164339137463
10844.0,10685.712719514007
15411.0,15725.346298483733
4462.0,4471.0821200340015
5678.0,5460.953160932492
15764.0,16710.914508868216
17024.0,17045.034381984602
3100.0,3160.4520154078255
7229.0,7206.86787598261
4804.0,4925.907084797294
5769.0,5814.14625043351
4384.0,4149.247297279365
6587.0,7076.657111463506
7832.0,7780.102959451178
7082.0,6012.83740750483
6300.0,5315.550977997548
14571.0,14614.601268118586
3943.0,4002.8773461396604
6878.0,8205.02952652075
1965.0,2005.740206718639
9187.0,9119.970436404323
4441.0,5179.237467379113
10067.0,12019.45864018989
5054.0,5144.56668002192
7005.0,7702.683607679872
12121.0,13290.554528411287
5912.0,6247.513935315649
5192.0,5219.850895437498
3597.0,3599.780879469807
8016.0,9133.236721269774
2050.0,2874.24720129173
4839.0,4444.89482730801
4049.0,3958.9773360739855
6216.0,5975.443383765904
3841.0,3828.0680751366667
3815.0,3991.9719895248004
5176.0,5048.074093788512
2017.0,2006.5197771559783
9187.0,8582.367881675145
11598.0,7243.563053208499
13014.0,13201.201739771821
10262.0,10333.918192807902
9916.0,10059.466114618988
14231.0,14631.065691940497
7229.0,6776.975057990991
6316.0,6961.147435137763
4384.0,4522.5535020207135
13381.0,13442.796673769863
4332.0,4070.9284256197357
8907.0,8566.528737714278
4804.0,4752.184610982305
15407.0,14108.329548736207
12898.0,13135.647850271891
6883.0,9640.214448035616
3543.0,3528.694140927127
4284.0,3785.2111179577696
2437.0,2337.2841246619955
4174.0,4044.4645513569567
14781.0,14853.96829364135
14960.0,14706.73513007353
5769.0,5961.78651182488
4812.0,4927.280073586404
9345.0,9276.170647491796
4864.0,5477.746392447337
7295.0,6562.076346041868
10231.0,10522.697159358
14714.0,14983.297241924243
12032.0,11833.331688791355
4544.0,4499.465549138948
10844.0,10832.506064663103
12476.0,11435.655322772463
11087.0,10818.11401584907
10703.0,11101.467493759163
6734.0,6568.489154310248
7832.0,7995.749635904832
11516.0,9973.848555253175
3850.0,4101.685455567048
17229.0,19961.888052288305
3873.0,3887.4931674669992
4160.0,3587.363398702219
7670.0,7760.295447313577
10031.0,10090.225654854663
11150.0,11009.65920559331
9134.0,9452.468094960654
4423.0,4289.502239615424
3807.0,3872.25601925198
7480.0,7486.2154554232175
4423.0,4133.864373961329
4823.0,4762.667614432017
12102.0,12198.30401332952
15342.0,16106.055579788643
10844.0,10578.032514224971
7480.0,7659.113420311564
4227.0,4900.8411873755995
7690.0,7865.6690315726155
8224.0,8786.061149877494
5823.0,5743.805302512881
9134.0,9372.339538744422
26890.0,33018.32064010718
8366.0,8627.438838037044
7480.0,7646.089462399738
14781.0,14896.870096519668
13990.0,13545.202235278453
10262.0,10483.416509863655
12739.0,12563.471818415752
7575.0,7861.301600746927
11633.0,5465.439642746853
13817.0,16468.46545055262
14231.0,14672.729658174778
6992.0,7470.458041518093
6961.0,6817.29269888111
16263.0,16002.376625896664
14714.0,15405.053294761638
7740.0,7711.29832513443
11087.0,10569.0902683776
14486.0,10673.137926216927
6442.0,6553.876849183556
10361.0,10797.03867243068
5320.0,5623.094931702252
4174.0,3977.7482531384303
8151.0,8426.857762354111
12557.0,12188.07359639751
6961.0,6830.403138654606
4441.0,4944.520488136648
2753.0,2438.033705171895
3841.0,3763.1708554840025
5022.0,5639.752655515977
5201.0,5484.622111134671
6934.0,6163.282204129347
5699.0,5107.965285428415
5088.0,4971.1869522139
8601.0,8744.327565510383
11319.0,10639.558532259856
3838.0,3880.6355197706143
14388.0,14356.837944253359
10824.0,11001.733605040276
5177.0,5269.985788562335
14714.0,15060.75594320949
13626.0,13643.506376822294
13381.0,14039.51468146918
18211.0,15944.903032474622
6653.0,7444.357279308669
14781.0,14839.823517828281
11458.0,12783.458568662902
10844.0,10669.136703112647
3342.0,2847.825450494268
10262.0,10280.795688825952
5277.0,5117.621664366709
4441.0,4818.558518159428
3543.0,3612.5087747889584
13912.0,14847.339281904122
9315.0,10435.865396621033
10262.0,10433.051750636125
12199.0,12225.858334839295
5277.0,5109.801101101364
6117.0,5854.896627696868
5734.0,6538.230521438202
8627.0,8746.790674773942
6795.0,7293.046832002439
5601.0,5812.2890462610185
7229.0,7150.965071793764
8330.0,8616.950854612604
4823.0,4829.661789555466
13759.0,13845.08751166664
10231.0,10879.377042366028
12898.0,12766.52748052764
19225.0,18765.796147768684
4995.0,4774.0794351248205
5298.0,5414.366176046566
9254.0,8832.329104623206
5177.0,5258.650169558408
9345.0,8878.095057563412
10844.0,10551.158933442564
15428.0,15891.275034496963
7255.0,6052.532722320044
12898.0,12776.693968657657
8707.0,14398.480033377853
10262.0,10357.801813276592
13067.0,12228.894048118624
10262.0,10412.594658989154
4460.0,4197.7325424520495
14571.0,14905.43085269846
10178.0,10325.127201352125
7718.0,8615.001888689383
16376.0,16548.834524400565
5678.0,5578.397006584338
9103.0,9619.315788513857
14714.0,14605.210242312149
5583.0,5954.983835755872
4823.0,4791.171738699155
4544.0,4482.442422058564
8759.0,7410.47397408736
6152.0,6169.258828080679
11087.0,10792.094638713272
11432.0,11716.365632733578
3815.0,3759.6338157552304
8662.0,8418.69362415413
17261.0,17038.17485673877
4860.0,4667.490459165731
13442.0,13449.381272144756
12395.0,12642.909261006245
6528.0,6235.478171951705
6314.0,6768.300155753595
6270.0,6314.024052800211
14714.0,14775.914754078623
9359.0,9583.777993687558
6724.0,5196.387024914112
10262.0,10372.270526702338
4668.0,4646.729901400106
6610.0,8124.95875663919
3597.0,3578.5057503280664
4462.0,4515.221252162408
12677.0,12640.671796011879
23170.0,26222.76940738854
4804.0,4817.498248500616
6795.0,7919.445499611614
7662.0,7897.977867927059
12751.0,12493.7083324839
19595.0,18352.391533111597
7975.0,8226.724318869135
14781.0,14982.456445184793
14781.0,14703.655806738494
10031.0,10972.566407773764
10844.0,10972.780304529708
3502.0,4690.81629347608
13292.0,13904.939600545396
14151.0,13822.680486541507
12475.0,9681.082967850534
14714.0,14707.915757279321
8283.0,7677.967053303284
11087.0,11005.318209042705
10844.0,10983.8940142044
5883.0,5933.027091146117
7664.0,8275.662836899588
12898.0,12844.337706413085
10262.0,10295.074122178507
13067.0,13415.893887142887
4462.0,4467.357029626111
5678.0,5654.240978495977
14388.0,14315.794639687638
14714.0,14657.95167954837
4804.0,4824.712663476768
11281.0,10980.463813855109
11134.0,10869.774228961505
11647.0,14246.68317533258
10539.0,10658.867256224517
12192.0,12750.414207695985
6121.0,5539.448993680199
13759.0,14382.953982441108
6427.0,7233.830174492243
3943.0,3902.224464677016
4284.0,3824.9391030146217
8147.0,7446.643898602218
3502.0,4846.978218380042
3342.0,3332.969700685606
5734.0,5400.688038309263
8224.0,8356.262521657502
9748.0,9017.082951340697
7102.0,7741.571038280331
13727.0,9963.784418212508
11087.0,10531.771500315639
7229.0,6766.6072849889115
10262.0,10328.721503356663
4823.0,4796.3928005422185
4804.0,4690.171466933397
10112.0,10075.027766289522
7229.0,7375.209811267381
13067.0,13793.979918662526
14714.0,14654.876289920445
8907.0,8991.780740175658
7229.0,7106.153139987877
24528.0,25432.066205469484
6838.0,6376.922420413996
10406.0,9850.436826753636
12395.0,12512.034518957898
10203.0,9809.26397621032
4049.0,3812.4441000925895
13401.0,13862.082599747087
9968.0,9978.62233060512
8040.0,8137.406947670469
6427.0,8899.899771331971
5277.0,5138.882544913086
2228.0,2580.176531312592
5613.0,4750.8107054407155
6669.0,5518.976725633684
11982.0,11631.998562875604
10118.0,10323.222977103589
4148.0,4309.8964124852555
18371.0,15645.090113955335
13587.0,12796.028651903847
12760.0,12422.877065399489
10368.0,10673.12440524479
3175.0,3004.0076982630158
3597.0,3605.1492892778624
6733.0,8902.516949384279
12192.0,11089.830300692485
4668.0,4726.706924554686
10262.0,10342.108507909083
15129.0,15006.593458531097
7878.0,7642.788743487213
8040.0,7717.294652783106
12373.0,12303.40576795887
5277.0,5109.742897987011
7888.0,11607.941667223455
9001.0,8334.314547461876
4049.0,3550.1584148776724
4326.0,4439.569327259241
4777.0,5871.633372855306
6838.0,7734.867931836108
6582.0,6115.1217402751645
10262.0,10279.545033559463
10873.0,11414.071003181705
10262.0,10757.022559650077
4148.0,4222.528424632383
6494.0,6010.923339870485
12898.0,12793.430986919453
9968.0,9944.636371891136
12898.0,12800.021391227981
7740.0,7394.845479719342
7452.0,7392.928349313057
4160.0,3683.018122947274
4823.0,4658.020724709506
13486.0,13048.596517177293
4544.0,4716.365883366923
10975.0,11044.36725181935
3858.0,3668.1683335876423
15129.0,14669.340002198398
10975.0,10826.212188891192
6752.0,7227.732001427244
3807.0,3987.909231913178
13832.0,13389.964471058323
4544.0,4684.27922461375
14571.0,14215.214133133588
11982.0,11554.615071426253
8040.0,8345.569682880066
11913.0,7152.987117413525
5162.0,5122.2231997186045
13014.0,13159.136000420012
8586.0,9131.742606665664
10197.0,10704.720052783035
8610.0,8821.484470431018
7120.0,5272.2118014439275
10703.0,10839.49828273999
10262.0,10348.306048052782
11507.0,11229.767112626589
3943.0,3966.225776959941
13292.0,13629.121359827841
7166.0,6350.794527277194
10262.0,10236.210741069246
6152.0,6756.168572615199
10703.0,11481.839903732765
4030.0,4317.2295852934985
17057.0,17579.942925717074
3850.0,3783.5867122935224
14388.0,14253.712709437445
4744.0,5123.026722952829
10262.0,10327.113862645572
6152.0,6499.70162056007
15025.0,16670.055151746375
6795.0,5558.4219109966825
10623.0,10484.917005795076
3850.0,3840.5499428392195
10844.0,10532.390823919248
10441.0,10494.643590865146
13377.0,12439.43066194453
13696.0,13462.556919503191
3943.0,3867.5837032750032
8114.0,9477.320413714622
5583.0,5853.704654236824
13817.0,13718.59364026141
6953.0,7518.756983802602
6637.0,7588.641629970561
4174.0,4211.545276570132
8140.0,7765.244227881656
13817.0,13694.13757824108
10262.0,10447.58250540608
6496.0,6547.786993744301
10112.0,9470.925683280682
10467.0,10067.140485561804
6206.0,6246.641270329719
10151.0,10551.339927008248
4804.0,4740.874977379029
5048.0,4482.076051076697
4050.0,3954.1956364888406
3919.0,4114.8915200745405
11841.0,10617.351588826732
5065.0,5356.153106487391
9626.0,10173.608536498668
3419.0,3610.426902056507
14960.0,13771.894364082718
3943.0,4031.7747830251374
14323.0,13300.072295661226
11752.0,13039.39530557398
7677.0,8012.907209820446
14067.0,9526.475246548063
14781.0,14925.873032420397
11467.0,12466.045608388271
16263.0,16664.611067394468
12373.0,12085.508797858927
7005.0,7228.535638822065
7580.0,6865.774530167262
7229.0,7366.317035158443
6093.0,6331.242389709693
3873.0,3869.4323257239653
10262.0,11136.239329214864
13364.0,13381.35292213318
12373.0,12039.850613849994
1965.0,1969.694331076916
7005.0,7043.907475871633
4441.0,6212.075413995325
11098.0,10917.392838964457
7318.0,7116.233553335923
12767.0,12984.43050346154
10654.0,10340.989288356965
6297.0,6440.889603994395
11265.0,11800.949557217577
11972.0,14758.223896451456
13587.0,11850.12588605997
4804.0,4840.634826682851
8366.0,9540.327266283715
8366.0,8759.258357112469
10697.0,11187.45530630138
15129.0,14757.726961751523
3858.0,3716.4263046912693
7229.0,7219.862230296303
6937.0,5454.318423561896
14714.0,14835.48965621024
9134.0,9105.943880798039
10577.0,11344.648153410228
14388.0,13922.366423914333
8991.0,8999.154110672669
12436.0,13063.45120844367
12515.0,13076.19847592051
5583.0,6595.41059845547
10840.0,13042.436942951092
14300.0,14810.70214174227
5515.0,4493.280875157818
10844.0,10648.867853007187
11134.0,10947.818935502468
6121.0,5549.7035876056325
10676.0,10110.909181605528
14781.0,15233.683857666045
4544.0,4577.78601423378
4632.0,4201.257147369715
10929.0,11364.54311800235
4409.0,5166.159897232901
3873.0,3975.5427148423855
4030.0,4242.403108209172
3807.0,4099.585106986385
12140.0,13624.10860606564
4096.0,4819.382668739387
14300.0,14257.340856610042
6007.0,6259.582826158927
4174.0,4418.849088014178
3597.0,3673.340405640817
9548.0,9076.420770578316
8714.0,9055.929472750779
8085.0,8621.844475742862
10368.0,10839.344927163922
10975.0,10985.23063772878
7670.0,8474.295831974468
8073.0,8143.631005653516
13817.0,13947.53469067042
3574.0,3584.845381988039
15554.0,15989.503733359228
6692.0,6714.553512847223
1965.0,1937.345640931828
2227.0,2223.1358115543985
3597.0,3627.5519538159183
14714.0,14480.695975586084
4622.0,4780.119777938873
15129.0,14713.35361328373
5277.0,5136.847685957729
11667.0,11028.987783911174
10539.0,10713.498333389534
11467.0,12207.914356288435
7480.0,7312.139882608744
3419.0,3804.2976613293285
5684.0,5859.390528773261
6218.0,5921.046690050564
6959.0,7426.464842124847
4878.0,4908.187962147437
12219.0,12248.684544319465
12384.0,11423.328152963355
7202.0,6792.6117595248425
4174.0,4046.8292899471708
3100.0,2898.7315631249985
7832.0,7824.69098115425
6723.0,7349.583250852149
10697.0,11194.6311704809
3841.0,3788.5494483861235
9920.0,10387.719203998828
12649.0,13203.219866379326
6093.0,6173.25759555102
4544.0,4766.20567300691
5170.0,4969.602506734437
2754.0,2991.241726102506
3100.0,3126.5495216104937
9237.0,10234.093870073293
7198.0,10992.929639067046
10262.0,10361.70222286815
5111.0,5404.114932283228
10261.0,9389.002591662433
6297.0,6308.896727868382
12192.0,11614.523006595482
3943.0,4090.5843291811243
16274.0,16748.729057227778
12898.0,13243.640494543397
3311.0,3398.1505852456376
9103.0,9548.165947281073
4148.0,4251.379640549817
5224.0,4925.945989239223
4804.0,4623.326336892997
3597.0,3599.7323999843584
4804.0,4874.567274891631
4995.0,4630.439165605217
3873.0,3933.3031514891736
10262.0,10392.471177095189
3210.0,3242.1132437132947
6276.0,5431.992036252543
9134.0,9716.207019099344
11087.0,11025.65156080074
13941.0,14053.307088474647
5201.0,5637.536254308837
6171.0,6169.737213186304
5964.0,5802.562564528921
13029.0,12769.12741782678
4030.0,4198.43744196034
10586.0,8869.464520829539
17926.0,15014.460333319348
9564.0,9320.488624245465
8355.0,8440.644640657953
6795.0,7183.73321352039
10671.0,8870.771728296351
10178.0,10440.808243660886
7927.0,8399.017303081773
3100.0,3252.4845490569505
12646.0,13083.256538006604
7894.0,8104.959981545221
3943.0,3476.3666443921916
7575.0,8081.273537739912
6216.0,5920.002122044617
6147.0,6305.198144847287
6979.0,7191.29938440574
6094.0,5784.557389308861
12242.0,12755.406551793272
9416.0,9780.190397088822
7107.0,7879.937210409792
13292.0,13508.685694919119
7295.0,7036.480069789496
4423.0,4463.437602458416
5694.0,5153.945149695988
8147.0,8106.416787458022
13377.0,9311.10856946051
13502.0,13719.131755073435
13764.0,14315.571786582466
12692.0,13010.977597981308
4804.0,4866.533720792534
7064.0,7167.804571360815
14924.0,15700.31758691212
6565.0,6086.388924134553
9863.0,10724.369839135874
7725.0,10553.851269244251
3210.0,2783.5027785367474
6117.0,5845.9426238926535
10262.0,10423.245604192034
3943.0,4140.0031194750445
12576.0,12441.9309391108
7452.0,7181.7374616065845
14781.0,14809.056847543687
8996.0,8527.965919373382
11563.0,11843.838381294756
4777.0,6730.824244692171
4174.0,4217.877483061343
3841.0,3799.079899091612
13775.0,14734.728225895062
5117.0,5798.290180301995
5678.0,5481.254135886213
5177.0,5836.955463958025
5975.0,5313.724780564492
6860.0,6304.6031071739135
4804.0,4929.103401273533
13377.0,12547.191730934946
8372.0,8812.42725476716
7933.0,11736.389075720577
4049.0,4076.9948684828655
11423.0,8967.135339406037
10844.0,10761.130289732217
12819.0,12320.101449216707
5621.0,4658.288551248728
5228.0,5871.001837463717
9254.0,8686.245574713113
4392.0,4132.630311966853
8040.0,7473.140493549494
4483.0,3609.1712087208434
12760.0,12093.346263470889
7229.0,7056.830486216513
5403.0,5236.296150856777
7934.0,7486.06999963337
6945.0,7012.381060989142
4423.0,4373.441839790049
8040.0,8146.473538330659
11399.0,12096.312727342094
7202.0,5928.533640254822
13727.0,13446.853772988938
4957.0,5196.099551478917
10262.0,10358.524989525631
2017.0,2020.4152958358804
12242.0,12239.187491688108
10875.0,13527.56410549633
10844.0,11013.486027032048
4409.0,4650.801417893062
6987.0,6087.734738399179
12074.0,11620.262971905138
7354.0,7549.0849059779075
13381.0,13791.820921972661
5201.0,5723.9799072710275
9663.0,9618.356338336325
6094.0,6012.537024972515
7202.0,6594.008205813137
11982.0,11879.770329781166
7832.0,7821.717721853941
7817.0,7660.374892274401
12373.0,12212.809909522646
10844.0,10862.340270230497
9646.0,9440.139290058785
3841.0,3735.6204415428297
4957.0,5863.052015680222
4148.0,4271.927426427973
26890.0,37819.95843039771
8834.0,7286.564030741669
5241.0,6065.64368016844
7989.0,5748.042142246874
5883.0,5884.907332932936
6857.0,5726.5950940096745
5822.0,5816.069707102606
10262.0,10400.957597032922
4995.0,5009.039188281727
4991.0,4861.705886374616
16736.0,16914.05354601364
18804.0,18615.893541176665
6442.0,6619.264413403701
5170.0,5538.185389663901
4377.0,4819.345307667398
9564.0,9692.419573636374
3573.0,3743.971273286972
17024.0,17177.103811454617
3383.0,4031.878339514746
27992.0,32972.92386243921
7229.0,7427.626508490335
9134.0,9004.277544397577
3100.0,3021.2292133900723
13727.0,9560.697292149685
8452.0,8346.932767958153
14714.0,15019.680192421132
7280.0,6836.145904232737
18797.0,16977.788191879215
2754.0,2740.002637798456
4409.0,4622.696405284474
5021.0,5740.429817857085
8040.0,6475.577184794006
10454.0,9753.176636928902
10197.0,10303.710681866974
5228.0,5661.519350228909
14714.0,14874.823380435291
7276.0,6578.381222403116
7731.0,8145.000779528095
6857.0,5645.715547844837
6961.0,6232.362344999381
7791.0,8441.742122144082
4777.0,5556.19315734011
16289.0,16196.989772721074
12681.0,12703.0684498965
4823.0,4857.64738942109
5406.0,5776.897002236302
9315.0,9779.116182666316
7480.0,7401.061945937532
14815.0,16216.797952158628
12173.0,11816.893160920657
7664.0,8263.517195132918
12777.0,12487.759638364667
8837.0,9084.193530299264
10844.0,9424.492837472968
14571.0,14688.630143459573
6093.0,6197.755006009078
7514.0,7139.814215143215
6015.0,5911.030506038847
12898.0,12838.842386632143
8792.0,8726.457536149994
4823.0,4714.20275608091
3919.0,3820.059648441944
3597.0,3741.0142530202634
2017.0,2160.4567598352814
3383.0,3576.852787546884
1965.0,1944.726054962034
10262.0,10604.794099374014
17234.0,17680.436033232992
14178.0,14086.92325197834
5636.0,6541.840482446707
4823.0,4886.757328326225
7480.0,7638.026232045816
14571.0,14725.219598164937
13999.0,13594.014295545214
14151.0,14009.962032163314
6121.0,5625.760193764966
3543.0,3509.597828087996
15129.0,15951.660825845349
6582.0,5647.642998240999
15544.0,15249.554208051422
8574.0,7042.286310082311
4784.0,4019.22200116179
6818.0,6843.06735465886
25735.0,22047.532008507365
9483.0,10234.627858368664
10368.0,10471.851853830063
8073.0,11765.682398414416
4778.0,5181.121624954289
13941.0,13982.73370714482
10844.0,10695.686123891293
10844.0,9922.472889957817
3841.0,3855.2270256647357
10844.0,10584.200798296457
11467.0,12015.325083679609
15078.0,15944.582472181228
7198.0,7809.9881131536295
8372.0,8348.53339024648
7308.0,8350.376367339191
4414.0,4727.258307018216
5224.0,4818.131048435152
7832.0,7752.799961688539
6860.0,4804.272155116269
15136.0,15129.15643435188
5963.0,6168.998021193596
3841.0,4018.971232689561
13377.0,9115.043484512003
16914.0,17206.308494046192
10262.0,10488.37789426949
5386.0,5490.876354121426
14388.0,14343.068054406014
6442.0,6658.075721744091
10368.0,10686.804128528112
12767.0,12280.001452616254
10262.0,10320.709255244623
7408.0,10947.254748854137
13587.0,10117.509694789791
8891.0,8756.743527550852
5883.0,6139.5415072433525
10262.0,10311.434556539842
10844.0,10725.581802065604
14781.0,14596.247957321732
6297.0,5865.9806243190615
4409.0,4662.2639507835165
12383.0,12129.767775041519
2017.0,2168.3356412193702
12308.0,12339.928617512382
3384.0,4146.020373429265
9134.0,9332.127178069568
7464.0,6521.749590728892
6093.0,6160.1419364464155
15237.0,15041.598976173016
4995.0,4646.620521944484
6934.0,6253.392340885717
13784.0,13073.776374364066
4409.0,4067.9331012671737
15898.0,14743.998882489252
11989.0,12401.975702165557
2017.0,2036.9573724044749
11098.0,10997.95892767236
6794.0,7122.986586278873
10844.0,9920.338426652579
34608.0,22190.678630536106
6094.0,6229.65601793618
4565.0,4916.9564894847945
10493.0,11319.324348141621
12305.0,11725.012095605874
6961.0,6240.397313919821
9794.0,10310.346038425827
13377.0,13041.905608534084
12898.0,12370.681354077797
7155.0,7746.332846508408
13377.0,12673.509150630487
4668.0,4810.028168317723
8110.0,7967.3119118086815
4544.0,4893.024567119085
9653.0,10018.723410211602
14781.0,14792.973186141855
5969.0,6532.471978933153
2017.0,2089.8719768901815
14151.0,14081.157135520743
13731.0,14228.746943261389
15400.0,14702.850255389858
8066.0,8876.535537367887
21314.0,18447.233505286975
14069.0,15064.116071571161
2470.0,2816.2681836043175
4804.0,4609.035999625024
9029.0,8835.480976590721
4804.0,4737.099592050875
2754.0,2890.35667495411
13364.0,13667.704648991918
6933.0,7163.31014480616
11200.0,10744.461650513862
3210.0,3494.2817316474448
8040.0,7900.062157306344
6442.0,6373.170999412319
4729.0,4943.055162821336
6442.0,7472.218347864487
3841.0,3806.105350850337
13587.0,10947.269386728136
11467.0,12366.098149009555
7295.0,7516.939163959016
3597.0,3606.4796845459728
7787.0,8065.642673072648
14871.0,14177.30551659853
3540.0,3675.4679001494974
6442.0,6712.197776764259
3383.0,3469.9036052889537
4409.0,4394.9828528635935
3850.0,3830.9988149040432
8018.0,8758.421261954483
11467.0,11500.543180197963
4668.0,4629.126240137247
13922.0,12325.254797855745
3625.0,3257.9387247915047
5989.0,4873.832002281448
4423.0,4365.298133647761
9564.0,8399.07818797819
8529.0,8809.592746348648
4145.0,4233.9466350826515
4804.0,4788.058361322108
6938.0,6969.969920562256
14815.0,15088.146165091406
15077.0,15045.449937448637
13014.0,13354.621724923447
11201.0,12082.746681016139
12692.0,13608.276922504076
9646.0,9547.897564734263
16079.0,15855.581005419961
6117.0,6386.606732657918
6795.0,7945.591803133919
3100.0,2967.853036400801
15851.0,16630.0765216466
3687.0,3639.759274047706
4990.0,5211.236956274411
15554.0,15608.27769615324
9526.0,9382.161914260605
6015.0,5932.429101423206
10676.0,10419.282590070703
12898.0,12773.844964683518
15129.0,15860.06541574873
13378.0,10327.027875924628
4174.0,3987.4860382515535
9103.0,9346.594842627937
3850.0,3817.293807319623
6216.0,6310.59336884033
8610.0,8477.938451008436
10539.0,10414.27949994782
6674.0,7391.621885371484
7618.0,11523.31437243553
3943.0,4381.233231583899
11913.0,5655.306214428654
6860.0,7486.837437227419
13292.0,13429.63467558185
17057.0,15837.52245939111
11552.0,11864.91571198665
6297.0,6137.324361546635
4332.0,4825.075632875996
5674.0,5397.795336638823
10711.0,11815.172877835752
11467.0,12011.331223153049
12434.0,12876.3814147808
5201.0,5365.021771786464
4878.0,4991.845926114528
13014.0,13178.054169476864
3597.0,3538.455022829098
12599.0,12912.26906074976
10844.0,10653.775347385885
12898.0,12620.827605249737
3943.0,4126.73973490398
7198.0,10160.561194754617
4963.0,4924.050154555558
12649.0,14576.206900448477
17267.0,15271.514882182439
12373.0,12206.139693134464
13502.0,13298.819153395858
11622.0,12096.346055978978
5515.0,5222.015863306104
9314.0,9714.008443010318
11789.0,11269.672198668735
4823.0,4731.02624960129
10467.0,10413.005669211952
7408.0,10227.002331931586
7480.0,7466.336532841039
3841.0,3842.979464859871
3543.0,3533.9848426440394
10493.0,10730.76103098227
9103.0,9764.518809727453
10844.0,10622.88146600305
4823.0,4746.5512827159855
4482.0,4257.262586943725
8529.0,8461.464681562647
7931.0,10230.186264555681
9663.0,10014.063798362795
10368.0,10741.893785838247
10151.0,10694.263213973192
3543.0,3441.245293883788
7530.0,7777.457162473128
6805.0,7147.072462507157
3419.0,3772.460110462009
7120.0,5595.466096761662
14151.0,13328.987361186719
3100.0,3295.4965141355183
12121.0,12818.407471693794
2017.0,2141.1486120442974
2647.0,2548.4725944172337
6147.0,6147.63191525394
14237.0,14684.13099357886
13044.0,13363.577177116755
15554.0,15846.081418751462
4423.0,4252.967019486798
8372.0,8216.037047445521
10844.0,10832.05770475937
9555.0,9448.58530638187
8839.0,9943.281011520015
10151.0,10505.357995334043
11432.0,12092.777512905159
4319.0,4396.209182883299
9626.0,10038.304304183654
10623.0,10754.599775595056
9564.0,8641.34984475995
14781.0,14807.962491468756
7229.0,7222.040534827307
5684.0,5976.891554048791
14388.0,14049.704460715842
5515.0,4725.601348589192
12692.0,13129.939340900433
9314.0,11566.910222386148
3873.0,3959.1942324072024
4807.0,4585.54629968926
14848.0,13790.033687004581
6171.0,6352.25696722041
1965.0,1973.924315704769
10539.0,11089.381262357081
4483.0,4147.845660221919
8371.0,8269.190433366464
15764.0,16366.585536776878
10844.0,10447.808511277073
4423.0,4554.8740043659
4878.0,4814.403946889287
2227.0,2183.2108483945076
10844.0,10725.35459280313
4107.0,3915.933922579368
11262.0,12225.281391156588
10262.0,10383.103242949026
4544.0,4868.819086900272
6144.0,5066.856037557912
5706.0,6445.615803066071
5853.0,7694.4545999706115
10118.0,10156.114696692319
14687.0,14221.146461603214
9254.0,9099.757935718686
10368.0,10566.646375421658
14571.0,14680.837755360133
7229.0,6768.823566695838
6093.0,6351.382939155162
16023.0,15601.837505723359
3597.0,3580.850012488508
8824.0,9386.926119344953
7060.0,7697.992931767133
14231.0,14485.345968530364
4544.0,4474.052667620814
16289.0,16659.039120888203
6565.0,6078.503823146519
3597.0,3650.9741556576387
7480.0,7020.825762288595
9922.0,9463.311416613204
7229.0,7339.26840768624
14300.0,14406.818362020058
12242.0,12221.825519001139
10678.0,10730.174826591221
9450.0,8976.04279898182
4174.0,4144.751917870609
4544.0,4819.711788037379
5386.0,5395.903855850055
15129.0,15047.241233305833
6412.0,6731.324063711966
7229.0,6834.163377133263
4878.0,4811.594719109667
3807.0,3938.5060153791933
12373.0,12365.614969019927
14571.0,14679.577244674261
10262.0,10226.74152556969
10577.0,10508.16074735372
12395.0,12627.177895499814
3841.0,3920.0309632420185
8759.0,8930.699398712315
7738.0,8155.655144836686
7503.0,7183.874309269122
5883.0,5976.728302216666
12692.0,12841.201198206689
4823.0,4805.694841335611
2017.0,2171.777727642638
8603.0,9281.228720769375
5769.0,5984.032881683779
12681.0,12419.336023209173
3625.0,3691.503226044672
8854.0,8027.470917082649
2754.0,2813.3848739219266
8372.0,9001.85755874494
10262.0,10287.178556156088
10810.0,9645.447789131127
3540.0,3564.186740407857
8016.0,8091.290467953002
6860.0,6638.984327147655
6451.0,6784.206862279197
13067.0,12437.643065999271
11467.0,12599.995290501813
10203.0,10362.465103213319
4082.0,4115.341454504609
13276.0,12452.258268314443
23001.0,16477.391835231607
10844.0,10715.6231625522
4990.0,4819.912179234545
10037.0,9829.584676194996
14388.0,14194.530697390182
12287.0,12730.22058440207
10844.0,10842.671087049606
4995.0,4890.552467493016
9794.0,10831.116431090128
4226.0,4349.808971926151
7318.0,7561.505150789063
8529.0,8447.668706697992
9416.0,9855.331233188002
11507.0,11023.194374317114
9920.0,10360.512428263424
7038.0,7603.440930331272
4959.0,6357.835217286697
5678.0,6043.674036534575
7229.0,6924.901340863616
7064.0,7981.35693692789
4823.0,4846.012836445768
14571.0,14920.467844200291
4148.0,4301.851847395804
13873.0,14073.224844447193
10262.0,10330.791134568179
6645.0,8016.525942737502
4804.0,4795.584978237026
5746.0,7832.322574746543
5199.0,6232.071334785103
4332.0,4117.348880505566
6416.0,6555.081495257743
12935.0,10970.03823220418
7832.0,7758.578135780617
8586.0,9119.417781289074
5769.0,5869.096403259339
8040.0,8036.702724571395
12411.0,7678.805020653052
8366.0,8549.472729128296
7354.0,8796.317624894024
13576.0,15732.325362764763
11622.0,11685.393425574839
12723.0,12775.37013701763
13759.0,13723.730361369591
6412.0,6675.413649920689
6494.0,6390.1346241481915
5678.0,5264.562700601451
8891.0,8927.85541144985
17024.0,17745.46753737409
10368.0,10587.690625509436
14571.0,14576.470051971171
7832.0,7837.644654222747
14151.0,12970.179345375303
7154.0,7777.4274244721155
5192.0,5342.555241874158
21483.0,28937.741193254056
6812.0,8770.729854707195
13292.0,13838.489723861416
4174.0,4213.310333586338
11150.0,10934.469862665048
5912.0,5763.077921053286
8907.0,8479.712310399536
8767.0,9623.63272473708
12242.0,12144.361013082416
6327.0,6094.529013849877
3543.0,3529.897222066111
15058.0,14461.0569086261
11087.0,11120.430740165895
13941.0,14013.203786041324
7317.0,6335.387678174122
9663.0,9372.607220615635
5065.0,5930.522626782194
8907.0,8604.890255931945
4148.0,4040.2380387483595
13587.0,13422.54000737985
10262.0,10533.438171558717
12284.0,13184.946167899048
14781.0,14336.993732547207
9663.0,9882.691975513842
19685.0,12060.227835089696
10203.0,10482.041205754173
13941.0,14096.68253399384
25703.0,17175.03931662764
10262.0,10375.428386729112
3543.0,3493.062377899238
3841.0,3740.9842531827167
15554.0,15670.538185414529
10844.0,10880.863881338695
12692.0,12290.968124210272
3210.0,3287.1642848643646
9601.0,9744.6390579446
13377.0,9629.895185096735
11134.0,10570.66822516709
8055.0,8963.461622667644
12242.0,12231.920344370617
8425.0,8715.753289674445
2753.0,2669.8684253656033
3311.0,3595.907924437565
4226.0,4269.732962099373
26890.0,24289.677526083076
12524.0,11976.673829648265
3847.0,4011.1588987607356
12681.0,12726.096172835369
13882.0,14254.86041984861
10844.0,10888.472282510545
12547.0,13257.899497932354
14178.0,14119.26827714268
14871.0,15083.52216004642
15078.0,15672.088610478339
4804.0,4713.907974963819
3873.0,4055.461107273096
3841.0,3803.075518439836
5457.0,6489.787029949096
14781.0,14781.362219719578
15764.0,16277.187520364041
4668.0,4674.015901962896
9564.0,9249.426733508708
7191.0,7084.838942929978
15764.0,16549.017047309077
14388.0,14262.680706502662
6540.0,6397.912960659234
3625.0,3805.7864469696156
8266.0,8062.061077679477
10944.0,9813.15473145003
5073.0,6101.178727353412
9134.0,9238.591485356537
8085.0,8366.72970378608
22270.0,19738.446404048278
9836.0,11544.727845201633
14871.0,15123.289274185532
23528.0,16576.776334624778
8016.0,8062.978028686673
12284.0,12438.733369888438
7005.0,7396.835412338556
4804.0,4981.359686373253
6827.0,5700.172668876451
3100.0,3134.1673636903965
2759.0,2501.2074138726343
13067.0,12702.950208676379
3898.0,4416.794991778751
10368.0,10526.816764409341
4273.0,4338.295349188642
3311.0,3416.6717115162355
15136.0,15231.323741568453
6601.0,6653.203478460337
8452.0,9192.999881924974
9314.0,9115.315366696996
6386.0,6518.664878395725
13377.0,12426.272900450469
5678.0,5920.3820151496775
4483.0,4783.13571379592
12898.0,12881.872791756814
7648.0,7200.8998623425305
14571.0,14274.866168288161
4049.0,3955.85680421198
11728.0,11800.668273059122
3873.0,3999.9894194330996
7480.0,7244.6281380749915
8541.0,8403.251403124863
31825.0,31128.43530625688
3597.0,3602.253878781302
13817.0,13609.881349584315
14571.0,14700.595682167816
6853.0,6946.371024909777
3573.0,3610.588067997858
9345.0,9140.727536140297
13797.0,9632.27387141085
12358.0,12245.654628369586
14086.0,13862.89908808814
3597.0,3800.0235364577907
13731.0,14041.60904744035
12898.0,12722.477721059122
14714.0,14687.68154407976
5403.0,5333.729559290597
5769.0,6185.352718189227
5620.0,5330.283240013185
5000.0,5048.908591323052
7480.0,8853.07196934801
10703.0,10466.919968477512
13727.0,13219.885235036356
14388.0,14341.561071213871
22270.0,23081.20383079432
6769.0,6244.075987009908
5192.0,5755.552843830138
4995.0,3731.7769928307357
8580.0,7878.656085606273
7480.0,7458.031275523164
5198.0,4934.913622444945
10368.0,10723.10957536926
8040.0,8044.322350054191
18909.0,17470.61316851283
12849.0,11904.195306180089
22798.0,14808.486231192826
14571.0,14754.723607508136
13502.0,13226.463407513864
3332.0,3346.18523629968
7354.0,8457.705756965213
8073.0,11246.739795944974
4049.0,4221.144014932947
15029.0,15616.600758814668
10975.0,10831.086953641268
7038.0,7542.3001552618125
15554.0,15427.768760839972
5228.0,5485.118671401026
5636.0,6298.129243702659
9653.0,9650.060751623148
8586.0,9807.976489460814
2017.0,2080.023726354492
9345.0,9030.723005392672
9270.0,8349.713885985342
13292.0,13453.247458399515
8098.0,8560.542564210637
7952.0,8081.8572351704415
5883.0,6125.506179115908
8016.0,7986.467400428158
4174.0,4052.1326092287704
10696.0,9372.413088136727
4878.0,4800.025436318136
3971.0,4020.371521917106
7198.0,7654.648814887105
9314.0,9085.32009346159
4423.0,4152.572491586873
3841.0,3830.685848079953
7154.0,7193.150855350297
9929.0,9335.333084180866
8266.0,8708.687839019209
10877.0,11163.228070054422
4804.0,4764.099113606899
13587.0,13215.308915923992
13611.0,14346.227070841003
6628.0,6460.928056634792
5601.0,5492.976811716031
5583.0,5713.2935987600795
3943.0,3997.9741525285267
9663.0,9964.193102662886
5883.0,6106.274960020064
4804.0,4943.4353737124065
13383.0,10209.20914644955
9646.0,8963.949937675416
11467.0,12253.103294232358
5192.0,6206.80283618443
6477.0,6300.394472278372
13727.0,8856.854494217796
9555.0,9390.429881285258
12395.0,12273.123245743041
10262.0,10369.932180298969
14781.0,14783.856000993745
5678.0,6290.634478232369
7804.0,8396.296335091683
10262.0,10323.322826271402
5198.0,4955.2873678966625
4049.0,4163.6570957324775
3383.0,3665.000213131156
7174.0,7450.542193164422
8907.0,8401.261937758269
13014.0,13207.796515448481
13584.0,14224.228173968691
4107.0,4134.490314772391
2071.0,2783.6532693743043
12373.0,12330.481603756489
13303.0,12843.422990754178
8529.0,8373.76960685099
14571.0,14477.03654126274
8016.0,8178.625093375195
4804.0,4669.360846653922
5118.0,5899.5077416684635
9663.0,9011.629811129222
12723.0,12575.536879943587
3419.0,3729.592466201188
11087.0,11016.79573470319
4174.0,4298.2959056279315
10262.0,10380.878927615317
12609.0,13379.473924989263
4668.0,4617.784269021645
1965.0,1959.011867308958
4049.0,3947.2777170216877
5195.0,5351.206575914686
4804.0,4759.09267010759
7648.0,10191.579115785595
3850.0,3954.7353516838534
6121.0,5571.811784137702
3540.0,3548.0154366074094
9134.0,9079.975013028296
10844.0,10721.133005178006
5277.0,5069.327565461157
5073.0,5242.350177063141
3841.0,3809.4285907272097
10877.0,11323.108917666133
5406.0,6218.700141187095
14151.0,14166.941796288833
14237.0,14337.292003197153
2754.0,2700.988884799326
11306.0,10608.70586216205
5192.0,6041.567165473465
3687.0,3690.70325354462
12192.0,11700.873672663032
12898.0,11938.966031050913
14924.0,14638.945972307232
8479.0,8521.746213879742
6943.0,7521.559787074635
7354.0,8036.117540299404
12192.0,12281.588360748818
3943.0,4207.147425222746
15129.0,14839.751906375513
5403.0,5316.040647272928
13882.0,14026.261421200083
5678.0,5258.277990011014
5403.0,5333.282971650514
4878.0,4752.16218195015
6494.0,6283.669262069203
4777.0,4850.667822069292
3625.0,3279.4521937198774
9258.0,9126.307124002018
10262.0,10390.234102064851
17686.0,13307.217788653632
4174.0,4216.258928204173
7485.0,7674.959007003841
11222.0,11599.88672675075
12121.0,12883.034381663074
10697.0,11128.840656089607
12373.0,11987.25344957026
6381.0,6513.863168398614
17072.0,19201.968530376216
4823.0,4883.458727061426
27282.0,12991.996127010276
2227.0,2271.890707195603
4545.0,5415.0850197846485
4148.0,4649.835045475946
4148.0,4536.433031814327
7642.0,8871.082677430577
10262.0,10378.659834994625
4030.0,4779.168662481801
5000.0,5192.341238624453
5264.0,5318.190207716485
7229.0,7000.740271514087
10577.0,10532.935070775397
12723.0,12610.684124982547
14714.0,14939.69885596895
7438.0,6912.190394604306
10203.0,10454.16920705046
3782.0,3822.3781068759704
8073.0,7746.668123217959
4804.0,4790.377147189228
4864.0,5239.640930086
15135.0,15495.479197424533
8366.0,8747.988045606873
7171.0,6995.821799864219
12121.0,12976.731612783564
11753.0,11833.51295207119
8064.0,8683.71116153763
10262.0,10524.746661119189
5277.0,5142.863022502855
8016.0,7966.959665959243
11342.0,11843.150795930793
7594.0,7084.783370354892
4483.0,3946.079485688566
16263.0,17289.3471015787
13243.0,13624.10860606564
6478.0,6009.524686683119
15764.0,16473.11186611778
4647.0,5166.155863004888
8016.0,7922.890097536415
4145.0,4115.833042998847
8055.0,7829.493888560722
12409.0,12641.95847204714
6038.0,6060.016118601435
4107.0,4140.603118800444
25735.0,27779.431906803802
11458.0,12286.346553450821
6152.0,6246.051022869688
10844.0,10635.788119425117
11982.0,12053.46835632998
13941.0,14436.966090493841
6938.0,6306.600394504305
15339.0,13273.944944368277
20064.0,18974.17326757612
6093.0,6112.530086663156
10885.0,10477.014095721259
8907.0,8954.225032201362
9663.0,9955.265783010147
7160.0,6464.013029915455
11269.0,11996.965360091093
5678.0,5391.364300402412
5678.0,5798.015319515168
8907.0,8860.835884309507
3210.0,4345.609830142614
6961.0,6046.090897869984
14815.0,16585.12132716849
11467.0,12746.309405725797
9069.0,8252.668345981205
4649.0,4838.812747738557
4823.0,4769.405382478873
6528.0,6430.7496025366745
22270.0,19437.699937776604
15654.0,14142.17919376464
7770.0,8111.3298942263855
4804.0,4652.925377403234
10368.0,10432.660083638135
7673.0,7453.900081149557
6015.0,5949.294435251877
4804.0,4844.481337261711
13941.0,14456.050385503453
5162.0,4943.947866243847
10657.0,10699.767548242635
14781.0,14355.362127258448
2754.0,2620.4998662543776
11474.0,10997.313052860927
7757.0,9246.138202263313
2228.0,2682.210136303056
10405.0,8911.079507912682
3419.0,3677.6713420483466
10262.0,10533.695007794431
3100.0,3267.14825053957
11848.0,12595.218317008754
5683.0,5869.914482676051
9663.0,9326.681515782699
4544.0,4493.634115078175
4050.0,3807.762165313709
9187.0,8510.723139860553
8452.0,8093.467523328108
11668.0,12736.73872450625
13381.0,13612.7671794982
8073.0,8216.182662476978
5620.0,6297.466519717852
12739.0,12547.253502255704
5989.0,4681.988026596505
8891.0,8692.095148258608
4544.0,4627.879836718852
10262.0,10420.535404444208
9345.0,9149.408432449525
21730.0,20207.08073262644
6838.0,6576.626031173391
10943.0,11063.696021473144
3943.0,3848.5411949059207
3573.0,3762.0787691769465
3841.0,3888.6990154834516
9646.0,9020.803510184995
4729.0,5620.84073555959
17261.0,17228.21076269137
13941.0,14095.841830869265
10844.0,10578.007989256004
14231.0,14316.511558771863
14714.0,14789.670191708849
6460.0,5825.061724518932
11467.0,12506.332324843863
3943.0,4014.941116250354
4775.0,4632.465316376215
3841.0,3829.626030241548
12284.0,12611.662732459494
4804.0,5042.971228153207
12819.0,13485.43350773015
14714.0,14640.897263353996
8040.0,8013.83665506973
16840.0,17694.60789879039
15554.0,15492.779420121215
5752.0,5917.26394277189
8452.0,8887.478764121677
11761.0,11265.417654322435
14848.0,14462.492389197598
10262.0,10303.842315542794
4668.0,4610.2911188707585
9103.0,9481.355383780607
10262.0,10310.95070226588
4525.0,5266.294916379214
5228.0,5888.122853210393
19225.0,19049.057568060314
8040.0,7919.09349707533
7438.0,6761.220034654747
13135.0,15017.97027604763
6015.0,5551.151843279965
8283.0,8619.00605064309
3543.0,3493.8604685443784
4148.0,4462.731488744236
7657.0,8096.846993482064
5276.0,4695.073373802644
14151.0,13082.033692471636
8040.0,7996.843638558716
8378.0,7533.512126630674
3543.0,3492.7671809613967
4823.0,4707.523588869363
14388.0,14165.0634719421
3543.0,3540.490575425341
10844.0,10629.64404689241
10844.0,11087.299638492224
4957.0,5340.855770861488
6442.0,6557.30055299525
7480.0,7571.962535398316
5073.0,5341.263942376547
14781.0,14687.36203979241
9646.0,9808.530613629673
7851.0,7669.902849753851
2175.0,2550.408735536598
14424.0,14238.71016936742
13014.0,13340.640624723177
5177.0,5129.677145183405
15135.0,16415.775224233454
5228.0,5798.566275475393
22270.0,24545.00200213449
3543.0,3509.877336122766
15129.0,15694.853667547864
6093.0,6117.920941384064
11087.0,11880.815129552451
7408.0,9804.588646487698
6534.0,6737.040895897812
8016.0,7916.674724354965
8528.0,8026.303659949773
12199.0,12443.535397191738
14067.0,9296.043265520153
8016.0,8122.701842295177
5510.0,5476.661780663841
6241.0,6347.923479488037
16142.0,17579.525824328983
4804.0,4930.572573254444
6979.0,6997.350159728977
6094.0,6526.211780423539
5176.0,5412.993771225802
15136.0,14869.55568197956
10031.0,9965.895285166187
12814.0,12698.710531129142
12681.0,12693.143395310122
12402.0,11420.84187481038
13759.0,14233.2059793515
3597.0,3539.4205799965825
3383.0,3804.046218061654
4668.0,4783.05816773729
9187.0,8471.987177965879
7530.0,7221.013633773152
8026.0,8649.797958615802
4319.0,4133.80871639153
13376.0,13452.851904723126
4174.0,3988.679397169148
4668.0,4604.720005399328
13062.0,11342.357886828702
12898.0,12472.425717673857
14714.0,14624.503212448908
10991.0,11890.752281962848
4030.0,4374.824080135751
6800.0,8359.301894097742
11087.0,10783.55838192373
9794.0,9815.755910025257
14388.0,14279.132852044942
4148.0,4137.34090783549
17266.0,17418.242686887446
7893.0,8260.548546173786
7229.0,7084.067485843421
9930.0,10574.915066007701
18286.0,18785.48546518579
7229.0,6811.074802170582
6216.0,6072.76212897156
4282.0,5241.4263920795
5054.0,5170.298396446698
10262.0,11224.479408826866
11410.0,10772.017052958801
14571.0,14813.419429989643
4692.0,5209.732837734251
10844.0,10476.875047061563
10844.0,10752.856086701258
6094.0,6230.358344917579
6741.0,6488.1663294926375
8372.0,7829.522997881386
14067.0,11993.238393826136
10236.0,10860.68567079691
7480.0,7514.850003292813
8386.0,9088.649387498048
6795.0,7310.318010020524
4409.0,4362.960560387512
3597.0,3645.5235571573617
6961.0,6935.673121395435
12692.0,13147.367178162689
4307.0,3646.677218546416
4030.0,4522.795112196867
15957.0,14865.563871389728
7832.0,7716.460016070082
12954.0,10828.562003617653
4049.0,4321.282772534801
9134.0,8984.608739603324
4409.0,4714.437107061358
14781.0,15007.93037060805
5228.0,5120.506236446358
3597.0,3567.3526893173303
6795.0,7508.650070291818
3807.0,3721.4853623823974
14781.0,14733.510005399929
8372.0,8660.588067917693
5000.0,5055.697263324036
5403.0,5225.902880959604
11600.0,10081.613619109758
8476.0,8560.102057038275
6593.0,8878.26394660864
7648.0,8207.157026366185
9345.0,8988.142010645855
7268.0,7633.140188772539
3210.0,3262.91130210915
7295.0,4704.976509038538
6442.0,6499.640875690532
3809.0,3666.591688436171
15119.0,15669.43115131772
9069.0,8765.343667869542
3943.0,4065.0345617284815
12534.0,13191.167075685215
13714.0,12586.653006151302
2227.0,2203.280504858942
10844.0,10938.46956358688
13941.0,14259.241680690435
7832.0,7766.267749339867
3419.0,3769.430083758917
14151.0,13871.711079884019
5073.0,4848.18159304359
9922.0,9571.461948773765
4752.0,4577.576476610101
10197.0,11187.597362596776
6961.0,6746.499836389511
17493.0,17067.726321622347
13587.0,12361.841689424522
10262.0,10393.164976813467
15107.0,15559.667368783214
8452.0,8981.891529520473
3100.0,3071.0205610954367
4823.0,4697.046214305586
4483.0,4723.869043952393
13243.0,13483.93289283564
5684.0,5861.670674867468
3205.0,3703.4235436223144
10262.0,10276.204398955511
4823.0,4707.2981434558
15554.0,15369.179717124769
3943.0,3880.194336314033
12080.0,12225.44282334512
3383.0,3542.364574834116
2437.0,2486.153554336652
1965.0,2031.6158339775197
7832.0,7676.308876682984
6442.0,6381.48405179967
12723.0,13178.52202808598
8016.0,7875.5651933608615
10199.0,11123.152639105641
10842.0,12355.017950267551
7005.0,7108.24221454244
4409.0,4677.35933161386
13364.0,13466.445846898087
13377.0,12646.033631125967
10262.0,10483.237829153488
10844.0,10718.928951290463
14571.0,14639.891433405572
19329.0,18142.652388605777
4943.0,4825.845145144203
15129.0,14953.32171009346
10539.0,10325.554495950562
10031.0,10220.5178151087
9140.0,8058.388184065247
4409.0,4210.14789029326
3419.0,3667.032932080123
9646.0,9348.534190632547
13584.0,13415.13430778579
11806.0,11234.614507124166
4563.0,4762.829828428043
12898.0,11800.356114423945
6216.0,6298.294557489801
12898.0,12814.400628569558
10262.0,10449.36358933006
12526.0,16635.917607605137
11522.0,12425.635778761196
5678.0,5801.936504151042
9918.0,7068.265568866636
14781.0,14732.467414947261
8026.0,8189.616411605393
7276.0,5097.604507500625
7064.0,7738.320068618599
13062.0,9134.871543564948
12537.0,9292.077971498857
21934.0,25514.446291142278
10262.0,10456.102431070465
4878.0,4890.428267308158
14714.0,14800.831059551443
9134.0,9077.181197832753
4823.0,4812.371616134614
6093.0,6118.109831970037
3597.0,3582.387303262407
13727.0,13750.157281851289
4174.0,4399.76291399177
10262.0,10423.425233938877
11789.0,10874.034811067193
8586.0,9183.532604702106
13081.0,14723.881556723241
9314.0,9340.566092656987
5678.0,5838.0238694607115
11924.0,12651.445398630756
12692.0,13064.559537201361
6478.0,6089.4329082222175
4226.0,4272.199774943318
11532.0,10774.593556967617
9340.0,8755.76032224704
10368.0,10394.396078338597
13626.0,13908.559326827775
9663.0,9742.697999978349
16389.0,16131.433983279972
10197.0,10339.523357689046
7594.0,7244.642010021771
13817.0,13933.079817946826
7229.0,7229.498975281478
4282.0,3744.637446706756
13292.0,13419.69961440913
13764.0,13310.941027331308
12681.0,12473.207392950082
5198.0,4799.080519287477
12615.0,15046.82306279021
5644.0,5039.357171141285
11087.0,11005.588221891774
2227.0,2036.860060698318
8016.0,8133.8531392272935
4885.0,4269.432615583879
4174.0,4275.342412067412
5162.0,5246.035218055688
10262.0,10314.009760039946
4049.0,4263.301830866691
8372.0,8446.761206339703
3419.0,3522.0458157229145
5073.0,5103.474758868415
6069.0,6191.007577158504
9709.0,9332.163549056706
13014.0,13368.323055745877
13029.0,12985.921157568311
13937.0,10042.160799243075
11349.0,11675.4896971379
3597.0,3562.98587808121
14388.0,14260.095716675076
11087.0,11059.085491124973
9663.0,9485.075987343705
3943.0,3948.57429033943
8845.0,7387.876348710746
12173.0,11781.106373855813
10262.0,10476.859326797681
7242.0,7163.98611777302
7708.0,7200.949653842776
8040.0,7768.754140795044
3597.0,3692.4289488285795
3841.0,3844.5367168173925
10203.0,10598.866953383287
7173.0,5898.5243851810155
1965.0,1958.0646534797136
5054.0,5569.473041569617
27992.0,27478.898813134187
7341.0,9044.885095534764
3919.0,3887.4144853660327
12242.0,12216.98441845478
13067.0,13370.513958346884
18804.0,18567.012824753187
5645.0,4788.352618117156
3597.0,3602.8530886771264
13587.0,12903.002984042027
3597.0,3567.983102383559
8879.0,9286.42017452267
4319.0,4167.3176212177905
2050.0,2675.145943660547
8040.0,7808.748063442135
13584.0,13674.313581901484
13014.0,13407.800785304053
9345.0,9192.12077474634
8266.0,9526.645947696037
5678.0,5220.369978084608
13377.0,8673.727677829704
9345.0,9361.61292551424
7191.0,7380.026168429692
7845.0,8471.560346076223
7229.0,7076.845679947763
10981.0,9966.27914650635
14178.0,13895.816463611252
8784.0,8188.687807865908
13941.0,14013.096056168872
13067.0,13849.076109693311
4995.0,5034.813599833451
12488.0,12938.599280999273
7870.0,6924.5996543346855
6094.0,5682.006301551465
5608.0,6378.826703240698
6112.0,7135.482348692616
16736.0,16658.19050303474
8452.0,8352.155432662175
9314.0,8846.23411854971
3850.0,3774.8488466130675
5963.0,6830.301633574701
9968.0,10464.959897552677
9564.0,9621.020205961493
6610.0,7373.905529733663
5226.0,4989.850928945909
14231.0,14364.667043240304
13376.0,13469.209452665562
6674.0,7109.539822257041
7408.0,11598.205555414866
15170.0,14308.623040520462
3597.0,3608.1174983837022
12778.0,13023.661949624538
7229.0,7029.176105583925
8016.0,8011.028779007443
4804.0,4690.028243073222
8016.0,7939.4176261252405
5645.0,4932.4432537754965
22270.0,22141.481795887514
14151.0,13642.595932219165
5406.0,5586.390293221861
5567.0,6072.491592889578
6171.0,5950.291275561783
4423.0,3749.097410854596
5177.0,5277.695234440955
6795.0,7690.8484822742585
3625.0,3769.197344518915
12373.0,12393.980767353723
4963.0,4702.381607427469
2227.0,2261.070588080786
11200.0,11138.406601680646
7174.0,7391.6522588205835
13748.0,16770.260367574163
9856.0,9271.669677258173
15170.0,14493.858750186462
6442.0,6616.763141761521
12898.0,12763.875111368161
7229.0,6867.899880807957
10703.0,9753.927980824184
6297.0,6348.951433712694
9314.0,9240.244260324487
6138.0,7165.083215378682
6838.0,6355.4752555257555
52285.0,30584.12204182336
13377.0,12335.892220198824
10975.0,11121.595772649147
13817.0,13755.051182738169
7532.0,6088.753751617855
10197.0,10043.952270130163
9663.0,9093.254723413076
13727.0,10316.469466835326
8330.0,7898.652688495571
4823.0,4674.604601890081
6206.0,6366.5569325323895
10877.0,10729.834380549517
13817.0,13746.961067161028
6478.0,6074.100617029688
8577.0,8838.480555693262
16079.0,16003.069685620216
15077.0,14479.323271477675
7064.0,6871.9135790356895
9663.0,9347.684550720664
11552.0,11747.044665496856
10262.0,10318.893034295168
5899.0,6222.942044000394
13817.0,14057.464438082046
8610.0,8493.478449863082
12373.0,12388.866915833785
5673.0,5256.5550902453915
7927.0,8499.49486243227
10262.0,10402.143033013046
12373.0,12276.320748452988
12704.0,14137.371609652762
6612.0,7459.189245260971
4823.0,4834.484583113104
10262.0,10485.590908339258
6388.0,6117.199714000673
3898.0,4274.215604037649
5177.0,5476.266763986004
10844.0,10831.72127475522
4077.0,3911.079064095558
14231.0,14492.287112754173
13250.0,12888.74677836792
13817.0,13920.854976551733
6205.0,5607.8236061504695
12819.0,14131.670254367877
4591.0,4551.166196611645
3841.0,3787.1303910179677
3597.0,3632.859334431741
4174.0,4069.2116863062834
6216.0,6363.230618276627
10624.0,12301.355513862492
6152.0,5956.631761907344
6937.0,9049.335826488677
8792.0,9051.31690920696
7005.0,7623.276737140452
5678.0,5798.506877239745
7013.0,7201.299354437274
16079.0,15952.388571360741
10539.0,12501.33955401699
11841.0,10272.908996240663
10509.0,8986.976781698639
3597.0,3534.5936314955493
15532.0,15178.664957809713
14086.0,13836.17174135538
5883.0,5677.933587707813
7618.0,8128.644702408858
9314.0,9174.431402929204
13994.0,13296.367229143809
5073.0,5395.906175705415
3383.0,4579.406033240136
16108.0,15057.195711771838
6795.0,7589.268697690971
12681.0,12635.380807900981
10262.0,10295.448902099706
8820.0,9026.116797776624
10037.0,9790.694710022406
11789.0,11477.17481541704
7378.0,6076.622588065363
4823.0,4887.591281469625
6478.0,6440.035567869407
13014.0,13424.813024321717
10844.0,10834.236169068525
7408.0,10734.463408604359
9646.0,9301.03951992884
3597.0,3535.917530588114
3873.0,3858.745795994214
7870.0,7449.206194162381
13344.0,13239.883382290747
3100.0,3035.4130101273063
4441.0,6064.878885645594
6171.0,5995.231304070833
10953.0,12458.831268431522
14214.0,14929.146923436972
6093.0,6131.252630537868
12436.0,12424.077472062263
15129.0,16117.476362829342
13259.0,11422.683434070861
15170.0,14363.230517782938
14781.0,14903.780551858299
6206.0,6380.000823156612
3841.0,3862.390195436459
14714.0,14745.373120865159
6093.0,6300.366304330881
8016.0,7830.411630641606
5117.0,6114.2644594529565
8586.0,9002.026749531922
13611.0,12914.605605455161
6704.0,6646.169196005297
4226.0,4179.736903740651
4651.0,5453.29488642215
3873.0,3810.946490611548
7222.0,6988.644958998221
13727.0,13322.757180676133
10141.0,7684.005995586838
3625.0,3891.2465722979528
6442.0,6323.544018068579
7229.0,7201.616098238916
6752.0,6403.182067609467
13759.0,14151.622039663604
14408.0,11834.10130092142
13381.0,13582.424486378468
9135.0,8375.654586165561
6218.0,6148.647383496405
4174.0,4103.4187857732895
6117.0,6318.920720647629
10703.0,11741.419685199846
12692.0,12498.296552564583
10539.0,10374.219837344652
11134.0,10782.810478562564
4777.0,5683.9651530375795
12373.0,12531.94570604907
11966.0,10971.10866905092
5277.0,5082.7118694681
14714.0,14777.719277278216
6144.0,5279.273381010056
5911.0,5144.980120093944
12080.0,11617.788012866651
4423.0,4375.148934407848
7618.0,10000.59161844653
3383.0,3399.891226367785
7670.0,7541.857805555962
4804.0,4655.931849458477
11087.0,11144.363462581947
7229.0,7371.113193100359
7050.0,6700.079340431246
12681.0,12401.204793045552
4098.0,4624.490063813452
3543.0,3570.029483220087
14151.0,13739.97343181503
13339.0,13357.836250509306
9663.0,10361.104980458938
12898.0,12801.077184107982
8603.0,9207.843561968388
13044.0,13181.563606730248
4622.0,4655.072960188151
13062.0,12380.382563688547
11622.0,11386.10390954243
11087.0,11163.66008434503
11789.0,11426.186714808597
9663.0,9316.270304536696
19225.0,18604.369871645413
5797.0,5706.756362188216
9526.0,9208.450084373038
7229.0,7194.729798588719
10877.0,9583.31779828555
13942.0,11792.571965355883
3383.0,3584.730065441093
10262.0,10228.347410241275
11201.0,12406.565339557317
10262.0,10405.418549588137
10231.0,10735.987548762894
9134.0,9571.596797296086
5645.0,4834.703790156257
14714.0,14765.475415538134
12646.0,13816.974210513044
12173.0,12215.714632466988
2227.0,2219.1917763849724
10529.0,10224.3483800758
7202.0,7222.972377324555
7886.0,8711.723215436865
2017.0,1980.3350503411493
6171.0,6532.1293717308345
4050.0,3926.298340113296
8479.0,8390.848222541294
4282.0,4442.404347193279
9345.0,9042.836295843308
6587.0,7451.6205572618
2754.0,2347.410760992669
3919.0,3900.7484859019723
11654.0,12373.594857917697
4239.0,3997.902549353627
6674.0,6782.787807478936
7198.0,11745.811781147193
5930.0,6585.4213558924
7229.0,7291.404936523893
12488.0,12704.221531853162
3540.0,3584.0219027399403
8529.0,8843.401723681412
8855.0,8268.620168472165
14781.0,14766.067949155284
5684.0,5766.006346129798
13029.0,12933.715191163568
15129.0,14656.627111679649
8576.0,8812.878761073613
11087.0,11271.819682816049
5678.0,6034.383844908124
12557.0,12384.440990107154
3858.0,3676.1698380835296
12373.0,12198.211658263333
4049.0,4195.9146691388
21934.0,21245.98647031932
5510.0,5245.1030236150345
6216.0,6185.105257897425
2050.0,2384.248739860674
2754.0,2698.757685826962
3850.0,3745.9944572277273
3540.0,3618.633455378379
9663.0,8952.467271055142
9190.0,11091.511177256029
12898.0,12623.08536954029
4632.0,4510.180912216829
2753.0,2433.392007362254
12723.0,12547.489706140062
4804.0,4827.571103383674
4823.0,5108.671412157417
6152.0,6245.033219307802
6216.0,6044.758721043704
6016.0,5945.400858446488
11622.0,11588.569262763458
10151.0,10476.187593222734
12410.0,14096.763124130155
12547.0,13177.545341351146
10262.0,10260.90217987586
14323.0,13733.583692688719
3210.0,3446.158643605111
16863.0,16662.939323821924
8937.0,8835.429153638876
10929.0,10965.958115092308
6104.0,5957.662615555918
5511.0,5803.977161285414
13759.0,14089.015036513843
11543.0,11419.9682938929
13067.0,14285.374233457846
10262.0,10528.066731884737
13591.0,13609.16490156817
10929.0,10312.190924385171
7229.0,7097.6869129834195
6451.0,7008.081156463533
7295.0,7261.738335540632
3943.0,3840.6054580709338
3573.0,3698.7338591973703
24017.0,16255.07464794208
17476.0,15699.108337522704
4647.0,4719.415420625296
6314.0,6394.73066985739
12284.0,12427.407557358501
7229.0,7344.993058690625
9627.0,10322.374220018586
9258.0,9638.78923351196
3873.0,3915.2396784220796
3841.0,3810.429271801906
10486.0,9565.04154310711
17234.0,17393.791830191552
6496.0,6305.926837961902
9627.0,10423.969419903722
8366.0,8430.136592462646
15318.0,15487.274768968402
9923.0,9805.767991115681
6077.0,6435.812852378939
4667.0,4764.556014462108
8099.0,8215.440371923489
2385.0,2168.0549915001693
15965.0,16574.10081367668
10844.0,10549.837458728804
6121.0,5918.36449182785
3625.0,3729.5787671089574
8475.0,7889.517645930465
12898.0,12621.233589463533
10851.0,9657.767728321562
5704.0,6476.434512224313
11598.0,5900.751234856366
9149.0,9024.476232296998
4145.0,4304.101263380593
6195.0,6007.206757306523
6979.0,7088.096762061238
7276.0,6990.8520505470715
4760.0,5214.565836143897
11982.0,11645.049691191656
5277.0,4517.294894145508
8372.0,8630.392256143205
4226.0,4307.794679883795
3597.0,3574.3044141820733
7005.0,7600.251611687671
8018.0,8461.947942571443
10577.0,10517.965432009802
11507.0,11297.713867649592
9653.0,10121.056519241558
4160.0,3697.547714971404
14714.0,14758.570479271213
5678.0,5690.852537840481
13873.0,13846.233507724057
11264.0,11025.884074990263
11134.0,10862.67513463924
6151.0,6269.137404836291
10844.0,10605.52411667725
13014.0,13319.171105191133
4995.0,5050.960132392657
4174.0,4454.445137700745
12841.0,10358.220651020007
13067.0,12857.091609649446
10262.0,10324.05295219905
4423.0,4270.441139431194
8586.0,8971.823192438012
9663.0,10247.944518892486
6069.0,5974.854923199304
4667.0,4525.347415406279
12373.0,12148.76445164187
13941.0,13841.223066717776
3175.0,3422.429061685397
8372.0,8408.788993133796
5613.0,5589.438068750686
7144.0,7065.820702205515
14571.0,14596.786762513502
5277.0,5586.954240613661
2759.0,3119.755163839815
5192.0,5421.449341347124
14714.0,15518.148349519315
10336.0,9595.892954285238
31945.0,5248.9382702285575
7064.0,7040.9711300573
14441.0,15022.45247499205
17493.0,17808.467925395995
10844.0,10775.785933470062
2753.0,2515.292428244503
12898.0,12758.744368876449
7229.0,7205.87994499883
8603.0,10059.332327394937
18804.0,18734.524714496773
7452.0,7278.413802115935
3971.0,4070.498946113211
3943.0,3978.4159773757415
9165.0,8281.378019195312
3625.0,3829.0691549213616
10262.0,10240.121111000937
14388.0,14300.19943374115
15058.0,14057.974505891183
14882.0,14886.20893151096
4591.0,4634.058459312732
3841.0,3795.2877702359383
14781.0,14623.156390492004
3841.0,3760.9105137216075
13377.0,12848.808847065435
13014.0,13276.54953185076
14848.0,14419.295507793791
4145.0,4091.752743650502
3850.0,3833.324785209338
10413.0,10691.359983375572
6104.0,6384.026179290823
3943.0,4155.93597826346
8529.0,8847.643379066105
10262.0,10366.490275617758
14151.0,13930.75345804554
5192.0,5379.368265904741
9663.0,9429.98457380737
4632.0,4031.864735620999
5073.0,5071.549040010275
9526.0,8564.335436818741
4423.0,4229.449524177577
2227.0,2388.691440433979
5403.0,5369.3923655154
3858.0,3606.1389457817013
18752.0,18292.79873332726
9663.0,9954.271053960028
12819.0,13198.184926344227
6883.0,9309.834671385757
7198.0,7539.188420259144
7801.0,8424.091768463783
4823.0,4971.719715424058
9663.0,9722.052941941318
12121.0,13143.951888514639
8085.0,8600.433997024285
8662.0,9501.250652421571
6017.0,6796.331609062224
3859.0,3521.999359252034
7564.0,8074.147447320298
3919.0,3731.2393330263285
26890.0,26782.558596752144
5443.0,6023.878741423102
13364.0,13472.596378324879
12239.0,12105.87364285348
4966.0,4854.926741960382
6144.0,7513.475787114792
12373.0,12040.619905558902
10835.0,11964.48431793293
7952.0,7649.551241735759
3419.0,3876.002791267689
10197.0,11172.8010006852
5883.0,5899.922988675252
4667.0,4705.858724092176
6223.0,6202.718743541933
7757.0,9521.299429115692
11873.0,11126.011108870682
10844.0,10153.232753086917
7189.0,6577.713496719327
10262.0,10413.14470169487
5989.0,4618.899269950148
2227.0,2175.8298560563258
4995.0,4966.469043365955
14231.0,14538.708890858292
10844.0,10909.821778421247
5628.0,7262.143237739843
10844.0,10907.19625675316
8937.0,8626.37166174332
5618.0,5193.672501524126
6674.0,7332.590067187159
3898.0,3725.3169316045223
10844.0,10799.247983352227
13381.0,13581.623403323232
17024.0,17368.68875913617
7398.0,5799.369590956893
17461.0,14749.68807772845
13731.0,14030.84185597825
13555.0,13247.229330203627
4804.0,4736.584052763192
16289.0,16490.221353668647
7520.0,6947.968443438819
7503.0,7036.420924553646
8601.0,8619.846517354556
7064.0,7100.204804393603
5192.0,5350.019666785073
9158.0,8586.27038111197
24318.0,15365.655594497744
7038.0,7902.56622513707
7303.0,4470.79113600946
8021.0,6672.057551064056
14323.0,13876.185728418988
10203.0,10511.317857791099
7408.0,7157.723559911675
2227.0,2262.1824166727383
16108.0,14625.149171249184
10262.0,10290.892694721962
14714.0,14834.61859812637
10262.0,10448.269214248196
7640.0,7470.858070467869
8610.0,8873.740088289951
12767.0,12530.478863513394
6093.0,6306.994319328135
6442.0,6379.424669216534
4030.0,4610.011303533078
7408.0,9150.60469800199
10696.0,9476.555131077892
6982.0,4196.917633951348
2754.0,2766.5693961369784
23677.0,21496.16244210938
2754.0,2890.4981991763907
6758.0,7108.086554045223
6934.0,6660.478148543242
18799.0,19944.22518500597
5678.0,5515.456148650073
27992.0,27649.272174423677
4544.0,4355.031206362971
7757.0,9793.773316661973
6373.0,6220.37201151823
5644.0,5003.095710216893
13067.0,12427.272321243803
6513.0,7528.767311333046
4392.0,3010.1775234488136
4778.0,4705.687103536606
10844.0,10817.335485764163
12723.0,12774.00003979669
11134.0,11111.028739381482
7229.0,7101.5195996724115
10262.0,10618.46520411056
4778.0,5504.572490691745
8033.0,6971.170409494974
8425.0,7213.554091197075
15411.0,15203.689206283401
10975.0,9905.07450925194
6535.0,7933.829320918967
8355.0,8318.779851024156
3543.0,3483.8961570144434
12102.0,12611.68106227567
9314.0,9155.48051152025
7503.0,7478.275324426653
9748.0,10870.998109773578
4804.0,4789.891063822565
8586.0,10505.334722384481
13882.0,13749.902637462308
7229.0,7078.682214745569
2575.0,2796.3432232544797
3943.0,3879.480464732929
4760.0,4699.406893229642
8824.0,9475.853326469925
6902.0,7658.012274858267
6151.0,6251.596741311532
11087.0,10954.820261428273
5964.0,6377.70632288011
14151.0,12682.66738202427
11467.0,12128.50377762728
3873.0,3918.173224275271
13542.0,11817.894252242793
10844.0,9499.568662545362
6144.0,6330.190477764786
10262.0,10342.212933676487
3383.0,3750.7990410143466
10413.0,10424.031925728446
13994.0,13201.136853423972
13143.0,12697.946229126766
13069.0,11466.695822257023
3898.0,3729.3507961896557
13941.0,14517.969510166908
6383.0,6458.180161389067
10406.0,10948.036270127826
5883.0,6365.759770229373
6838.0,6843.291628432474
14781.0,14672.300432054202
10577.0,10396.365676416137
9646.0,9450.150253973252
6216.0,6350.357384486815
9564.0,9213.676325426151
14781.0,14496.890348448671
7229.0,7317.641063933619
4148.0,4220.767077587617
7268.0,7616.877729695809
6245.0,5995.500473351754
4483.0,4864.080382643404
11627.0,10435.832547284652
13310.0,12812.594346616512
7754.0,7167.403491304805
2754.0,2625.695473889325
11447.0,10885.312141988794
18799.0,18966.351559029135
4462.0,4437.711991721442
13067.0,13493.924610430777
12681.0,12584.184349982144
3687.0,3700.8353814233265
6628.0,7337.751663882922
13832.0,12457.343455924589
10676.0,10891.253935395296
14714.0,15174.190726843675
10262.0,10288.329338482432
2754.0,2714.6256447829037
6785.0,7198.590996919205
14067.0,13279.390825909732
15318.0,15508.781899482647
14053.0,12347.339919581147
8040.0,7921.583476972253
12723.0,12295.642954914534
10262.0,10332.836876167512
6151.0,5985.782595268583
5409.0,5635.021076408675
9345.0,8997.968248601414
12646.0,12677.950830437163
4784.0,5402.492024821361
12242.0,12635.60830097497
11323.0,7118.547858609793
4409.0,4653.403128492014
16736.0,17008.973659972573
3100.0,3045.750100521574
4804.0,4990.245298530096
9555.0,9501.933275309342
10262.0,10310.704211809301
5964.0,5889.839086953631
6386.0,6032.507889098858
6377.0,7353.387393776933
3807.0,3667.5492714741463
13377.0,12681.972011738178
3841.0,3806.0483442930376
6528.0,6425.024720059456
3100.0,3180.9981897760326
3687.0,4461.566902038332
14815.0,15876.358827985883
3943.0,3908.318150032462
14714.0,14678.11711762425
4859.0,4683.821865525248
10844.0,10845.396803476884
4410.0,5157.535616815878
2754.0,2821.598103156124
7229.0,7041.588490230491
5694.0,5044.033023998305
9424.0,8605.502451098633
10262.0,10299.48232237099
12199.0,12803.672195392857
4668.0,4646.336451908483
7832.0,7711.359074775826
4945.0,4707.054000866802
11791.0,11883.86143004046
3841.0,3811.4398097293533
4239.0,3937.989244720554
14815.0,16913.31332553336
13014.0,13128.429275923601
11789.0,11222.349688450655
10031.0,10336.443466725901
13616.0,9916.923000279803
6838.0,8932.622963739994
7229.0,7540.56889534189
4990.0,4592.591803063192
5752.0,6259.6953566753455
18191.0,18066.890283383662
10539.0,9834.04428189533
8327.0,8847.372104611819
10844.0,10792.418889252642
3873.0,3862.5238783374934
13555.0,13622.85551730085
10844.0,10717.851727786054
5403.0,5226.9533721201
4145.0,4331.015758532296
10577.0,10523.19062956849
9925.0,10794.004519764618
2754.0,2846.5747673391957
7662.0,7242.218424123923
22294.0,16823.653545572986
6144.0,7138.1643192204865
24210.0,21175.931182075292
12327.0,8201.04452558787
2437.0,2516.086108900045
2753.0,2512.3004591859103
14151.0,13725.744343073326
11982.0,11876.802696621357
9413.0,9547.778566951309
13022.0,12608.844178304773
3673.0,6010.189886565757
15764.0,16370.185369239069
12609.0,13709.250804096826
57209.0,23253.540017231164
5613.0,5406.577354015494
6630.0,8171.658027058585
5678.0,5650.283508183235
7045.0,7714.744218498367
4148.0,4678.272809376006
11003.0,11094.186865710022
7480.0,7881.865975447714
4804.0,4882.5954503584
4050.0,3332.6797357915107
6961.0,6748.736586675384
10262.0,10327.063728204828
3383.0,4112.6448116636775
8119.0,8952.264695036114
14714.0,14822.007984721267
13259.0,11890.432617679933
7222.0,7147.706128611945
7353.0,6948.1927405344
14178.0,14131.96673509245
26890.0,22664.306014862832
3625.0,3074.6308665772854
9001.0,8852.02274401939
4145.0,4144.095960589104
15544.0,14993.393770017263
2017.0,2063.589240305133
14424.0,14515.514536078528
3514.0,4339.088189887947
6628.0,6401.229783452033
15339.0,13983.47963110713
7591.0,7435.387338343602
10262.0,10314.265171062365
10844.0,10781.804576302096
7872.0,7796.27763006669
6541.0,5668.039689774523
6987.0,7807.256811692839
4823.0,4800.215047429408
6961.0,6014.916147480146
9899.0,9882.511026543365
12295.0,12962.77050362274
6117.0,5994.38717993323
3543.0,3571.9976067365396
3919.0,3894.5017951765017
6982.0,7111.498880646957
13100.0,12374.391266984927
16079.0,15876.960959448596
13082.0,13923.933767143373
6121.0,5775.530942215361
4823.0,4734.268131445483
13941.0,13802.166321273187
4544.0,4464.712663422625
4145.0,4370.889258831632
3919.0,4018.9970435409164
11982.0,12034.109624394836
5636.0,5744.830618421519
10844.0,10667.163994767225
9856.0,9099.789899315103
3943.0,4039.9480824554994
11570.0,13529.668272984616
4409.0,4760.976907710297
6934.0,6504.750401369049
13817.0,13922.77943793369
12121.0,11930.11002965926
4804.0,4746.961485499605
5769.0,5907.361186917065
4174.0,4123.931682690234
6309.0,4593.998346408085
1965.0,2289.628931524076
10406.0,9744.142617521931
8996.0,8305.605244820603
10844.0,10413.759291778168
13377.0,13287.196178922493
8479.0,8244.96071966329
31825.0,28732.10014193332
5706.0,4981.708765665237
12284.0,12539.430794656759
4544.0,4752.8122587147645
6017.0,6507.124057799022
14781.0,14732.578403110521
12646.0,12857.83867386199
3858.0,3882.4767544198066
4957.0,4830.118861146306
10262.0,10222.01914840297
10031.0,10029.453618040947
14388.0,14337.827910986382
10844.0,10398.12844830545
8882.0,7539.466873682265
8366.0,8484.547419029408
6015.0,5819.081717404524
20694.0,18372.406563167613
17024.0,17259.727739852817
14762.0,14189.110210236833
3625.0,3488.549138262051
2227.0,2386.3319122164003
4804.0,4628.325901565128
5678.0,5614.77015072237
2470.0,3258.1664287834888
12284.0,13778.71316984989
3419.0,3629.1712522896323
12767.0,12293.868899279942
4668.0,4842.499000216076
3625.0,3794.4068771542193
3597.0,3551.4475360020956
5224.0,5140.494035508727
6147.0,6270.04296394589
8016.0,7882.852661839123
11148.0,10756.091572639094
12488.0,12546.150772190844
6017.0,7264.284598317502
4823.0,4859.212033810819
7532.0,6391.540580457403
11432.0,11556.032821179071
5088.0,4937.9937196610335
5351.0,5295.505484466784
8610.0,8333.367865969522
17271.0,15874.80302590231
9314.0,10040.116908457307
3847.0,3773.0823508621975
8372.0,8942.574049790855
10877.0,10908.333118577839
4423.0,4286.471347805483
6297.0,6266.393292583236
6216.0,5935.657102757027
7933.0,11292.291938069955
10678.0,10689.45419586458
2017.0,2111.5898107170838
5000.0,5041.8405775275505
18736.0,14699.63651261194
4030.0,4778.237113986153
10368.0,12822.428991886629
9663.0,9295.338126625458
5613.0,5639.1314381230195
7757.0,8788.267633185516
6442.0,6457.0415990897345
2754.0,2831.1540793593567
3758.0,4927.088325653457
6152.0,6252.459632089517
7618.0,8160.350156970165
12646.0,13804.215966182348
14781.0,14643.073046058562
13377.0,9932.215427076128
9564.0,9813.23274014763
6113.0,5848.864006249333
26480.0,23101.55668753301
5769.0,5996.602559580029
1759.0,2298.121636332954
5883.0,5902.594627947313
5176.0,5179.017375566146
4804.0,4733.798960501374
3398.0,3694.4286625074365
9416.0,10593.49185789491
3841.0,3813.457420999891
10262.0,10389.880520995686
4804.0,4777.354205541025
5177.0,5064.509852382535
2437.0,2393.7043668772003
8422.0,7152.213964456248
13797.0,9804.18270536288
7081.0,7152.223182905238
8513.0,8747.557917180146
7229.0,7430.410429174761
6273.0,6871.563884055308
3100.0,2876.4073370551077
4804.0,4699.354595393426
3841.0,4007.985026948317
8586.0,9315.201000078763
11200.0,11305.266082670243
17267.0,17236.390402601915
8586.0,8828.29163673742
11432.0,12469.339984150933
12940.0,12258.06299533339
12475.0,11013.535356699806
11134.0,11201.997798679678
5644.0,4624.1173799888065
10877.0,10572.012298289797
7229.0,6960.407583085307
8586.0,8821.718770063282
9863.0,10720.348803477344
4864.0,5296.806289104829
4384.0,4227.866897850603
13591.0,14424.570351596221
12384.0,11203.681441812845
12373.0,12310.61434741288
12723.0,12357.172945931528
12242.0,12051.033143060386
5769.0,5763.165025585464
7006.0,7010.9563955370495
8372.0,8527.02325156196
14178.0,14275.857868559808
20800.0,23095.061260023034
8452.0,8602.326905757134
10844.0,10647.013835469259
4668.0,4723.075244308011
12681.0,12527.634462285147
4487.0,4874.787736217326
14571.0,14801.077883168084
3841.0,3944.7223224300947
3873.0,3885.777605305065
16372.0,14488.357845872346
14897.0,14332.41225484787
8614.0,8480.94622369029
3574.0,3715.8809119917905
7064.0,7144.096321134618
5755.0,4487.055676149791
13432.0,13432.227127833332
8669.0,8584.626795675164
17057.0,17184.057248920686
17261.0,16447.326970482984
6795.0,7666.940424735946
9663.0,10838.037186288866
11789.0,11797.53615505768
10262.0,10310.907899509384
8844.0,9892.726101354587
4544.0,4813.455532250564
6148.0,8531.920456288504
2227.0,2296.74247917082
3383.0,4313.212912467836
14300.0,14467.595825687551
10844.0,10742.738787382508
5158.0,4909.187123610931
6628.0,6359.533772416623
10262.0,10333.026852533427
4544.0,4829.622947879115
12373.0,12247.055478626955
11281.0,11566.196135432021
6938.0,7020.153556252785
15147.0,14441.832589496484
11228.0,11549.198025170594
5636.0,5882.5949761350885
4319.0,4227.942838646262
6144.0,5711.662015060779
14781.0,14764.00262703058
8765.0,7992.356754255234
8586.0,8786.28786880166
2754.0,3121.092256059923
3597.0,3553.3701909349893
4050.0,4184.28346174912
11087.0,11365.6107492982
8016.0,7960.498062308197
15147.0,14272.141859035999
7229.0,7206.7579289072355
2754.0,2899.1243648928607
5613.0,5725.556152264755
6307.0,6528.10341712307
4174.0,4213.824660990408
4804.0,4701.561219803711
14960.0,14551.734847518246
9483.0,10150.30562676391
8662.0,8742.833744046311
19644.0,16427.94324420192
4340.0,5054.947585197492
10844.0,10650.28010362624
8224.0,8225.024910433618
7905.0,9794.569813761278
11134.0,10603.972813740083
6037.0,6677.6705340692715
12692.0,13204.758316491196
7308.0,8061.9652114260025
14714.0,14701.806622707585
14388.0,14241.987183140376
7229.0,7198.445697894436
7832.0,7759.068707768116
10493.0,10850.740371906046
14053.0,13798.885534247956
7295.0,6790.565176206608
11222.0,11492.076208927429
7670.0,8065.340552057959
10877.0,10844.480751955274
17057.0,16841.81197400307
11507.0,11190.7723350995
4466.0,6175.149080318602
13801.0,13798.561326504903
4778.0,5177.666741545572
12384.0,11461.355983861604
10678.0,10425.705535311052
9790.0,10335.555794157992
14388.0,14164.78963729156
4319.0,3855.945154863827
5678.0,5761.859883527279
5613.0,5312.5191949190075
9663.0,9445.171938887315
5769.0,5736.941129704494
4668.0,4989.902834068317
4878.0,6087.1472557298985
8372.0,8656.045775892033
12352.0,12354.870730315779
11733.0,10599.477736310639
4823.0,4857.299436475634
4804.0,4739.5052901116915
10262.0,10286.39317206128
11087.0,11203.423462141678
21219.0,19673.739246172467
9929.0,9687.446598356657
11411.0,12493.42848948979
3100.0,3017.2309547719947
11087.0,11021.204937247947
3100.0,3171.1605069304837
9794.0,9998.775799868561
3257.0,3298.254823592358
4107.0,4090.942128388173
4145.0,4886.235007436173
7229.0,7300.402540867293
12648.0,17406.608391183807
11753.0,12591.943199717989
